id,name,dni,phone,address_id,is_subscribed
1,Cliente 1,13356886,0294-5506-5012,1307,1
3,Cliente 3,41227216,0264-1434-4257,2236,0
4,Cliente 4,70291817,0275-5557-1106,2438,1
5,Cliente 5,55667651,0235-3547-4527,1768,0
6,Cliente 6,22448136,0248-2584-6881,1308,0
7,Cliente 7,15831819,0293-8527-9785,1954,0
8,Cliente 8,84093639,0237-6925-4150,1198,1
9,Cliente 9,98753260,0229-5741-2307,1093,1
11,Cliente 11,38119557,0285-5374-2169,2335,1
14,Cliente 14,38317637,0272-6155-4483,1199,0
15,Cliente 15,96282117,0258-3340-5339,2142,1
16,Cliente 16,88461803,0254-7543-6930,1955,1
19,Cliente 19,43744231,0270-1188-2876,2626,0
20,Cliente 20,24972279,0237-8123-3591,1416,1
21,Cliente 21,77187530,0297-3927-9317,1956,0
22,Cliente 22,91734598,0225-3504-7126,2627,1
23,Cliente 23,10076758,0276-6310-9005,2628,1
27,Cliente 27,63551839,0285-7118-8177,2033,0
29,Cliente 29,10965138,0209-1964-4750,2439,1
30,Cliente 30,19510312,0265-4899-5562,1417,0
31,Cliente 31,82374753,0216-8744-4981,2237,0
34,Cliente 34,24665841,0231-4139-4116,1418,0
35,Cliente 35,66623995,0223-5563-8579,1535,1
36,Cliente 36,83863413,0212-1828-9856,1648,1
37,Cliente 37,41726318,0221-7658-8956,1200,1
38,Cliente 38,17869910,0221-7209-1035,2143,0
39,Cliente 39,48285503,0254-8973-3536,1649,0
40,Cliente 40,17849494,0274-9883-1998,2238,0
41,Cliente 41,16729990,0274-8811-9238,1094,1
44,Cliente 44,98231132,0274-9565-6183,1769,1
46,Cliente 46,52436584,0296-2188-1152,1650,1
47,Cliente 47,82160068,0227-9288-5345,1201,0
49,Cliente 49,11049999,0285-5905-2697,2629,1
50,Cliente 50,25492573,0213-3546-5462,1957,1
53,Cliente 53,27558317,0281-5291-3647,1419,0
56,Cliente 56,58942697,0205-6862-4441,2034,1
57,Cliente 57,57469942,0299-7658-3532,1309,1
58,Cliente 58,65337219,0203-3938-6442,1868,0
59,Cliente 59,45810056,0220-2771-7267,2440,1
60,Cliente 60,39854548,0225-8541-6728,2516,1
62,Cliente 62,47463522,0244-9346-7548,1202,0
65,Cliente 65,87388337,0224-5173-1727,2144,0
66,Cliente 66,79782527,0268-4228-6967,1004,1
67,Cliente 67,93638503,0240-3041-5920,1420,0
68,Cliente 68,53779528,0251-5844-3085,1770,0
69,Cliente 69,33357554,0278-5930-7653,2145,1
70,Cliente 70,48508907,0226-8043-6279,2035,0
71,Cliente 71,38682516,0265-8752-3780,1651,1
73,Cliente 73,40150759,0225-3414-1400,2036,1
74,Cliente 74,92043803,0298-2193-8461,2517,1
75,Cliente 75,76354180,0251-4997-3417,2146,1
79,Cliente 79,73709724,0257-5246-5050,1869,0
80,Cliente 80,75041510,0280-4919-5499,2630,1
81,Cliente 81,41473195,0234-6502-6238,2037,1
82,Cliente 82,30244148,0229-7275-3503,1536,1
83,Cliente 83,65682626,0252-6421-9890,1203,0
84,Cliente 84,37760841,0253-7381-1320,1095,0
85,Cliente 85,10791358,0245-5892-7389,2518,0
86,Cliente 86,75529051,0228-5471-8140,2441,1
88,Cliente 88,93517915,0268-1441-7455,1537,1
89,Cliente 89,96268397,0254-3223-8564,1204,1
90,Cliente 90,60882459,0241-4467-8449,1958,0
91,Cliente 91,47346970,0296-7906-5133,2147,1
92,Cliente 92,12601580,0295-9837-1853,2519,1
94,Cliente 94,42016960,0216-8758-2874,1538,1
95,Cliente 95,44392446,0298-7043-3749,1652,1
96,Cliente 96,51746937,0213-1420-6111,1870,0
97,Cliente 97,36619372,0209-4978-2669,2148,0
98,Cliente 98,85958181,0205-6688-9728,1310,0
99,Cliente 99,77908907,0282-6590-1207,1205,0
100,Cliente 100,24165187,0255-6934-8532,2520,1
101,Cliente 101,33640702,0293-9548-5425,1771,0
102,Cliente 102,68461818,0293-5397-6280,1653,1
103,Cliente 103,47437115,0257-4995-8613,1206,0
104,Cliente 104,13852048,0263-6325-3979,1421,1
105,Cliente 105,44675473,0243-5581-5526,2336,1
106,Cliente 106,35643159,0210-4954-7658,2631,1
107,Cliente 107,96691619,0291-9041-8342,2521,1
108,Cliente 108,49491631,0228-7625-4986,1207,0
109,Cliente 109,84285882,0267-6632-7971,2522,0
110,Cliente 110,70900658,0234-6023-5118,2337,1
111,Cliente 111,52352128,0215-9779-4033,2239,1
113,Cliente 113,40532273,0246-3939-5952,2038,1
115,Cliente 115,11646234,0273-5658-8690,1311,0
116,Cliente 116,34744872,0206-5136-8827,1422,1
118,Cliente 118,43311626,0215-7818-4697,1208,0
119,Cliente 119,69421007,0238-8025-6003,1654,1
120,Cliente 120,37888820,0280-4457-5335,1312,1
121,Cliente 121,42194159,0222-2229-3564,1871,0
123,Cliente 123,70939053,0209-4824-5334,2039,1
124,Cliente 124,25405014,0269-4683-3441,1772,1
125,Cliente 125,18004482,0221-6039-5728,1209,1
127,Cliente 127,20796722,0276-1653-8078,1655,0
128,Cliente 128,13471527,0211-4750-1339,1959,0
129,Cliente 129,33513701,0260-9502-8245,1096,1
130,Cliente 130,95199362,0262-2494-8700,1773,0
131,Cliente 131,53091709,0285-2713-3634,1423,0
133,Cliente 133,43876400,0241-2899-7622,1424,1
134,Cliente 134,65465150,0206-4073-9494,1656,0
136,Cliente 136,75056916,0215-1472-4920,1657,1
137,Cliente 137,83932360,0201-7684-2527,2040,1
138,Cliente 138,25766039,0282-3522-9165,1658,0
140,Cliente 140,61484043,0224-9327-3236,1539,1
141,Cliente 141,65692629,0243-9318-5377,1960,1
143,Cliente 143,54619335,0270-9903-7180,2338,0
144,Cliente 144,42051937,0273-7274-4826,2240,0
147,Cliente 147,23383077,0267-8486-1251,1659,1
148,Cliente 148,97883261,0219-2225-8692,1774,0
149,Cliente 149,93652460,0288-7512-2315,1425,0
150,Cliente 150,52501540,0280-8994-9864,2149,1
151,Cliente 151,94712997,0287-5708-4727,2442,1
152,Cliente 152,23212812,0297-2646-8269,1775,0
156,Cliente 156,71894493,0281-5161-8529,2443,1
157,Cliente 157,48605268,0286-9955-3588,1660,0
158,Cliente 158,88862539,0238-7951-5097,2339,0
159,Cliente 159,61632653,0261-2747-4886,2241,0
160,Cliente 160,49625201,0202-7484-5497,2041,1
163,Cliente 163,69166287,0204-6977-3153,2042,0
164,Cliente 164,65767881,0222-4289-3165,1426,0
165,Cliente 165,77349752,0234-3695-5210,2632,0
170,Cliente 170,95282470,0259-5951-7689,1210,1
172,Cliente 172,62163160,0258-7078-9850,1540,1
175,Cliente 175,59302863,0269-6876-1992,1313,0
177,Cliente 177,54762841,0231-3063-4362,1097,1
178,Cliente 178,41272553,0242-3417-1046,2242,1
180,Cliente 180,11994519,0245-4898-6304,1541,1
181,Cliente 181,17032877,0216-7897-9619,1961,1
182,Cliente 182,70166480,0299-6931-9408,2523,1
185,Cliente 185,69533928,0209-2323-6277,2524,1
186,Cliente 186,26937148,0235-9984-6327,1211,0
187,Cliente 187,77853916,0277-8048-2624,1661,1
189,Cliente 189,65833185,0293-2557-6120,2150,0
190,Cliente 190,60237832,0219-8770-2099,1962,1
191,Cliente 191,67965485,0212-7105-3131,1212,1
192,Cliente 192,99927658,0215-7730-6793,1427,0
193,Cliente 193,48604965,0276-6119-6761,1098,1
196,Cliente 196,13886030,0223-5477-6062,1963,0
197,Cliente 197,34347841,0218-7566-2140,1005,1
199,Cliente 199,59667685,0239-6314-2391,1872,1
201,Cliente 201,91480362,0256-7785-5475,2525,1
202,Cliente 202,67702031,0214-5640-8972,2340,0
203,Cliente 203,39597483,0250-1897-1125,1099,0
204,Cliente 204,28419343,0297-5186-5742,2243,1
205,Cliente 205,76757928,0295-8055-3878,1006,0
206,Cliente 206,77144075,0271-6802-2180,2444,1
208,Cliente 208,95918360,0253-5743-2887,2151,1
212,Cliente 212,78444607,0224-6724-6752,2633,1
213,Cliente 213,23798190,0218-5193-4232,2445,1
214,Cliente 214,33776150,0298-9095-8601,1213,0
215,Cliente 215,94183695,0240-3473-8205,1428,0
216,Cliente 216,94743076,0238-5500-1920,1662,1
218,Cliente 218,96525668,0211-9307-7299,1214,1
219,Cliente 219,86726461,0283-4084-6267,1663,0
220,Cliente 220,30248230,0207-8381-2695,2634,0
221,Cliente 221,77719420,0282-3827-1641,1215,0
222,Cliente 222,80339290,0266-3600-6962,1664,0
223,Cliente 223,64864099,0299-6543-1857,2152,0
225,Cliente 225,20939011,0274-3317-6731,1429,0
226,Cliente 226,89865081,0290-2388-6072,1542,0
227,Cliente 227,27152188,0285-9624-2531,1430,0
228,Cliente 228,58563745,0202-6940-6060,2635,1
229,Cliente 229,75266178,0224-4711-3253,1431,1
230,Cliente 230,23574883,0264-9843-9626,2043,0
231,Cliente 231,90161060,0248-3527-3658,1543,1
235,Cliente 235,77498993,0267-7859-3655,2153,1
236,Cliente 236,43554863,0206-8873-7081,1544,1
237,Cliente 237,26733967,0236-2374-3626,2636,0
238,Cliente 238,29776801,0255-2502-4637,2637,0
240,Cliente 240,61830338,0210-7142-4678,2446,0
243,Cliente 243,12550658,0232-4533-3449,1216,0
244,Cliente 244,48668339,0230-5934-2996,1314,1
245,Cliente 245,95758649,0279-8489-2029,1776,0
246,Cliente 246,94819556,0265-4963-3352,1007,0
247,Cliente 247,92518345,0245-4941-7825,1008,1
249,Cliente 249,73100462,0205-7338-7116,2154,1
250,Cliente 250,19067690,0244-4950-2698,2341,0
251,Cliente 251,15950635,0245-9945-6546,1545,1
252,Cliente 252,74227366,0280-3986-3209,1665,0
254,Cliente 254,79173614,0250-9897-8756,2044,1
258,Cliente 258,20593403,0255-3956-9937,1777,0
259,Cliente 259,20746667,0241-5843-6021,1315,0
261,Cliente 261,46850196,0281-1939-2229,1778,0
262,Cliente 262,78865239,0295-3621-1510,2342,0
263,Cliente 263,26942307,0208-4866-7001,1100,0
264,Cliente 264,91214453,0219-8371-7077,1101,0
266,Cliente 266,43502308,0214-1424-4048,1964,0
267,Cliente 267,45135070,0299-5264-8311,1316,0
268,Cliente 268,36867482,0215-3223-2213,2526,1
270,Cliente 270,50259503,0220-3852-6922,2045,1
271,Cliente 271,36975128,0217-4878-9094,1317,0
272,Cliente 272,72734149,0270-3126-2412,2343,0
273,Cliente 273,74245343,0267-7730-7708,2155,1
274,Cliente 274,52550733,0282-2215-8372,1546,0
276,Cliente 276,79538491,0219-5982-3697,1318,0
277,Cliente 277,56442431,0266-5653-2292,2447,1
278,Cliente 278,26800072,0280-5961-9740,1965,1
280,Cliente 280,16101779,0282-5336-4453,1217,0
282,Cliente 282,42866956,0287-7653-5873,2527,1
283,Cliente 283,31217198,0256-7809-8933,1102,1
285,Cliente 285,27551135,0297-7070-9437,2156,1
286,Cliente 286,42445506,0259-3007-5382,1432,1
287,Cliente 287,22993840,0206-5754-7293,1547,0
288,Cliente 288,31434525,0241-6123-4110,2448,1
289,Cliente 289,79085198,0259-9171-6055,2528,1
290,Cliente 290,62780072,0264-8491-4944,1218,0
291,Cliente 291,16783418,0236-9108-8710,1103,1
293,Cliente 293,16072331,0251-1838-4189,2344,0
295,Cliente 295,22976369,0250-7114-6555,1548,0
297,Cliente 297,15222944,0217-6456-8761,1104,0
298,Cliente 298,91370909,0265-3290-6373,1549,0
301,Cliente 301,88343175,0239-1436-8775,1779,1
303,Cliente 303,42507072,0204-2800-4125,1550,0
304,Cliente 304,66207740,0219-7765-4340,1433,0
305,Cliente 305,28533117,0266-4397-6325,1105,0
306,Cliente 306,60576565,0240-3837-8531,2638,0
309,Cliente 309,75632882,0240-8861-6714,2244,0
312,Cliente 312,74300930,0227-4310-9824,1966,0
313,Cliente 313,24660143,0278-4920-4972,1551,1
315,Cliente 315,28450513,0200-3587-7666,1319,0
316,Cliente 316,97313825,0225-5706-6262,2529,1
317,Cliente 317,97550053,0273-4804-9767,1219,1
318,Cliente 318,66087572,0222-1595-7504,1873,0
319,Cliente 319,48851599,0204-1151-5888,1874,1
320,Cliente 320,48193218,0258-9901-9590,1434,1
321,Cliente 321,72816684,0234-4159-2845,2639,1
323,Cliente 323,86206305,0286-4164-3875,2046,0
324,Cliente 324,79159799,0241-2421-7567,1780,1
325,Cliente 325,28872606,0261-6301-5064,1875,0
326,Cliente 326,41611127,0257-5374-6400,2157,1
327,Cliente 327,97735896,0246-4871-2017,1967,1
328,Cliente 328,51178850,0220-7642-9233,1666,0
329,Cliente 329,95726382,0237-7021-4618,1320,1
330,Cliente 330,30560218,0258-7121-7813,2530,0
331,Cliente 331,43214247,0287-2341-9609,2245,0
332,Cliente 332,85721444,0214-2011-9972,1220,1
336,Cliente 336,63143336,0232-1049-4570,1009,1
337,Cliente 337,66867700,0244-2044-9866,1106,1
339,Cliente 339,60259293,0248-8348-7184,1781,1
341,Cliente 341,27092236,0293-4648-1056,2640,1
342,Cliente 342,72143331,0286-9920-7948,2047,0
344,Cliente 344,14324134,0284-7868-1256,1321,1
345,Cliente 345,23542127,0276-1550-8314,1221,1
346,Cliente 346,15937353,0251-8191-4839,2449,1
348,Cliente 348,41796721,0238-3347-9540,1435,0
349,Cliente 349,46930534,0207-3869-7999,2048,0
350,Cliente 350,56226575,0282-7244-9592,1107,0
351,Cliente 351,30027648,0238-7167-4012,1782,0
352,Cliente 352,40245233,0238-3365-8586,2450,0
353,Cliente 353,84797762,0267-3196-7363,1783,0
355,Cliente 355,81891784,0292-4120-1844,1222,0
357,Cliente 357,12058055,0227-4113-2922,2049,0
358,Cliente 358,91121400,0290-4350-7498,2451,0
360,Cliente 360,78829070,0263-8635-2615,2345,0
361,Cliente 361,37263310,0247-6126-7781,1436,1
362,Cliente 362,12176998,0233-7841-5836,1552,1
363,Cliente 363,40872577,0248-5026-9180,1437,0
365,Cliente 365,28784915,0292-9954-9000,1876,1
366,Cliente 366,14539747,0209-1794-1104,2641,1
367,Cliente 367,19122502,0290-3474-1149,2452,0
368,Cliente 368,18113477,0279-8916-8993,2346,1
370,Cliente 370,77406294,0289-8054-3937,1010,1
372,Cliente 372,63270536,0210-7112-7652,1968,1
375,Cliente 375,21097943,0263-8109-6427,1877,1
376,Cliente 376,15711200,0229-4463-8790,2642,1
378,Cliente 378,37804291,0275-3362-7525,1011,0
379,Cliente 379,85693188,0230-7375-9856,1878,0
380,Cliente 380,20526386,0264-6666-1879,1553,0
381,Cliente 381,20202996,0243-7499-6347,2453,0
382,Cliente 382,75847681,0229-6829-7150,1667,1
383,Cliente 383,21501669,0298-5839-5037,2158,1
384,Cliente 384,45966597,0219-7225-3527,1223,0
385,Cliente 385,58412365,0213-2499-1085,1438,0
386,Cliente 386,46207439,0213-3170-2430,2347,0
387,Cliente 387,84757265,0271-9395-7685,1668,1
388,Cliente 388,57501571,0270-2524-6315,1224,0
389,Cliente 389,49171088,0252-7353-2387,1012,1
391,Cliente 391,46024950,0263-3390-2036,2050,0
394,Cliente 394,10908300,0250-6443-7224,2051,0
396,Cliente 396,52168966,0222-7524-6228,2531,0
397,Cliente 397,53739710,0248-5592-7437,2454,1
398,Cliente 398,89487366,0269-3947-1440,2246,0
399,Cliente 399,68848427,0237-2133-7703,2247,0
401,Cliente 401,60598851,0209-8357-8851,1784,0
402,Cliente 402,66143368,0269-1602-6890,2643,1
403,Cliente 403,43316996,0284-6816-3725,1322,1
404,Cliente 404,54506155,0255-2735-1172,2159,0
407,Cliente 407,24032377,0237-7815-2406,2532,1
408,Cliente 408,51861213,0243-8460-4389,2348,0
410,Cliente 410,15997257,0290-2885-1370,2052,0
411,Cliente 411,32059232,0294-4996-9454,1323,1
412,Cliente 412,85141654,0254-8570-4798,1439,0
413,Cliente 413,35016429,0281-8080-7481,1879,1
415,Cliente 415,47358810,0296-2025-2667,2248,1
417,Cliente 417,95779702,0240-7367-7431,2644,1
418,Cliente 418,57242616,0258-3826-5873,2349,1
419,Cliente 419,52035079,0215-4908-6003,1554,1
420,Cliente 420,28972822,0265-7364-7852,2350,1
421,Cliente 421,66779304,0223-8973-9804,2160,1
423,Cliente 423,58189421,0201-8939-3236,1108,0
429,Cliente 429,14325890,0257-5305-6711,2053,1
430,Cliente 430,25755285,0299-4882-4438,1669,0
431,Cliente 431,32277675,0278-3281-4385,1785,1
432,Cliente 432,86514083,0244-9720-5605,1109,1
433,Cliente 433,49276764,0237-5380-9428,1440,1
434,Cliente 434,65243509,0207-5543-3078,1555,1
435,Cliente 435,29628462,0291-6277-5055,2455,0
436,Cliente 436,29081953,0273-5402-7786,2533,0
437,Cliente 437,95044078,0298-2525-7600,1225,0
438,Cliente 438,71028216,0262-6362-1040,2351,1
439,Cliente 439,95206855,0285-6869-2037,1670,0
440,Cliente 440,67665720,0227-9105-5399,2249,0
441,Cliente 441,83458776,0273-3139-8951,1441,0
444,Cliente 444,31337593,0235-2529-6905,2054,1
447,Cliente 447,20460758,0216-4705-9510,2534,0
448,Cliente 448,11082139,0289-6629-2975,1013,0
451,Cliente 451,19182050,0267-1138-3688,1556,0
452,Cliente 452,94299475,0295-3480-7745,2250,0
453,Cliente 453,21635070,0212-3293-3017,2251,0
454,Cliente 454,67631581,0240-3290-5059,2352,1
455,Cliente 455,84275638,0276-5668-1439,2456,0
456,Cliente 456,79491111,0277-9348-4090,2252,0
457,Cliente 457,96727439,0206-4921-9108,2055,1
458,Cliente 458,77052833,0281-2163-9655,2457,0
459,Cliente 459,27714442,0249-7895-6986,1442,1
460,Cliente 460,19796799,0202-2106-1225,2535,1
461,Cliente 461,18115992,0250-9300-5693,1110,0
462,Cliente 462,63992760,0210-9791-9808,1786,1
463,Cliente 463,21220209,0239-2294-9377,1969,1
464,Cliente 464,62443094,0275-2083-6081,1443,0
466,Cliente 466,51512209,0285-3877-2956,1111,1
467,Cliente 467,31989243,0263-6680-9568,1014,0
468,Cliente 468,59911470,0216-5403-2934,1880,1
469,Cliente 469,67622968,0234-9582-2046,1444,1
470,Cliente 470,71095611,0265-6900-1908,2536,1
474,Cliente 474,52940967,0234-2276-7108,1787,1
475,Cliente 475,39955391,0266-1752-7568,1881,0
476,Cliente 476,51701149,0241-2415-8483,2056,0
479,Cliente 479,13209180,0229-9872-6675,1788,1
480,Cliente 480,10196231,0297-7164-6038,1445,1
481,Cliente 481,41966313,0253-9061-1981,2645,0
482,Cliente 482,15892193,0229-9515-7767,1226,0
483,Cliente 483,21395409,0274-2565-9280,1671,0
487,Cliente 487,30858851,0213-3693-8365,1324,0
488,Cliente 488,26205010,0268-6870-4401,1789,0
490,Cliente 490,38859601,0241-3430-2494,1112,1
492,Cliente 492,64276605,0257-5093-2551,1015,1
493,Cliente 493,26301180,0201-2010-4641,1557,1
494,Cliente 494,59961172,0287-2376-5240,2161,1
495,Cliente 495,18653290,0225-8265-3110,1016,0
499,Cliente 499,96876236,0237-9173-7750,2458,0
500,Cliente 500,21773787,0235-7275-3248,1113,1
501,Cliente 501,43440045,0280-9907-1319,2646,0
503,Cliente 503,34134478,0203-6224-4588,1970,0
504,Cliente 504,73308406,0267-6856-4813,1114,1
505,Cliente 505,98162850,0230-5366-9743,2459,1
507,Cliente 507,58155056,0275-1462-6761,1446,1
509,Cliente 509,17538738,0229-4584-1326,1227,0
510,Cliente 510,54524582,0278-4300-3137,1017,1
514,Cliente 514,97131500,0240-3854-6846,2537,1
515,Cliente 515,51181116,0293-5825-3086,2162,1
521,Cliente 521,60829941,0244-9946-7149,2538,0
523,Cliente 523,45047967,0213-2215-6600,1447,0
525,Cliente 525,67891237,0283-3703-8113,1018,1
526,Cliente 526,54438762,0226-4112-7705,1325,0
529,Cliente 529,36799898,0212-1421-4390,2539,0
530,Cliente 530,73561576,0214-6052-7512,1228,0
532,Cliente 532,59580252,0223-8303-1731,2163,0
533,Cliente 533,45353058,0228-5400-2009,1672,1
534,Cliente 534,99676390,0244-9871-7782,1229,1
535,Cliente 535,61956500,0266-7858-9773,1115,0
537,Cliente 537,86667841,0266-3415-2970,2647,0
538,Cliente 538,32436477,0227-4157-3067,1882,0
540,Cliente 540,62089786,0271-7510-6343,1230,0
544,Cliente 544,15028557,0222-5512-7602,2540,0
547,Cliente 547,23182514,0229-3201-5923,2541,0
548,Cliente 548,46160937,0293-7828-2462,1448,0
549,Cliente 549,64649480,0294-8937-9462,2253,0
550,Cliente 550,79158328,0220-2075-6097,1116,0
551,Cliente 551,80368504,0272-1474-3846,1558,1
552,Cliente 552,43486016,0204-8478-1828,1117,1
553,Cliente 553,59439358,0259-9275-7503,1971,1
554,Cliente 554,42472381,0247-9008-8308,1019,0
556,Cliente 556,16664050,0220-4511-4626,2164,1
561,Cliente 561,10986174,0265-7131-5631,1326,1
562,Cliente 562,18568064,0243-5529-6327,2542,0
564,Cliente 564,90535106,0251-6236-3292,1118,1
566,Cliente 566,56059101,0292-4643-9759,2254,0
567,Cliente 567,78090647,0238-3785-3967,2353,1
568,Cliente 568,27172371,0294-5237-3999,2543,0
569,Cliente 569,39830361,0245-4659-6031,1231,0
570,Cliente 570,44971668,0274-5817-8598,2354,1
571,Cliente 571,17204398,0281-2166-8736,2544,1
572,Cliente 572,81113720,0238-7768-1885,2165,1
573,Cliente 573,36883353,0243-7704-8496,1559,0
574,Cliente 574,20846331,0262-6449-3897,1883,1
576,Cliente 576,21816709,0216-8105-8035,2545,0
577,Cliente 577,61447859,0200-1618-9745,2546,0
578,Cliente 578,53246714,0296-9700-4122,1020,1
579,Cliente 579,40368869,0288-6641-6113,2460,1
581,Cliente 581,49034245,0258-9524-9587,2057,0
582,Cliente 582,56000822,0262-6885-4087,1560,0
583,Cliente 583,40657783,0228-3149-4460,1021,1
585,Cliente 585,89715138,0206-2771-1323,1119,1
586,Cliente 586,69634854,0248-3024-9966,1790,0
587,Cliente 587,37581060,0288-1152-5933,1561,1
588,Cliente 588,46235719,0279-3247-7862,2648,1
589,Cliente 589,92906016,0215-5631-2867,2649,1
590,Cliente 590,36661903,0277-4272-5308,2547,1
593,Cliente 593,87061479,0285-9095-3443,1327,1
594,Cliente 594,44345256,0282-4787-8483,1328,0
595,Cliente 595,16721650,0212-3862-1646,1673,0
596,Cliente 596,51970837,0254-2898-2556,2355,1
597,Cliente 597,28574987,0284-3793-6384,1022,0
598,Cliente 598,22475714,0247-6615-3996,1972,0
599,Cliente 599,71275585,0234-7319-8835,2166,0
600,Cliente 600,25174194,0216-1960-3611,1884,0
603,Cliente 603,69148126,0205-2037-5286,1791,0
605,Cliente 605,98813650,0293-5072-8895,1792,0
607,Cliente 607,72986894,0263-3709-2226,2650,0
608,Cliente 608,42331952,0242-5557-1824,1449,1
610,Cliente 610,76901651,0257-6178-2944,1232,1
611,Cliente 611,64148754,0252-1587-9996,1329,1
612,Cliente 612,78227936,0271-4389-8474,2058,0
615,Cliente 615,83509785,0266-7125-2741,2059,1
617,Cliente 617,26206227,0250-4532-8488,2255,1
620,Cliente 620,16519170,0270-8091-8912,2651,1
622,Cliente 622,91737749,0288-5067-5482,1793,0
624,Cliente 624,84300459,0280-4560-4291,1450,0
627,Cliente 627,11714029,0266-2744-1414,1794,1
628,Cliente 628,99959993,0207-4275-5374,1120,1
630,Cliente 630,70746206,0213-4675-7371,2356,0
634,Cliente 634,33326387,0294-9418-2955,1885,1
635,Cliente 635,47461811,0271-5329-3131,1795,0
637,Cliente 637,93935292,0278-5934-9037,1121,0
638,Cliente 638,52662313,0267-4603-4012,1233,1
639,Cliente 639,31390345,0253-9897-9798,2652,1
640,Cliente 640,39688703,0227-6437-6424,2357,0
641,Cliente 641,92984217,0267-8780-1144,2256,0
643,Cliente 643,25216804,0249-5203-9851,2167,0
644,Cliente 644,79372824,0298-7143-9426,1023,0
646,Cliente 646,32467350,0298-9814-9736,1330,1
647,Cliente 647,99970857,0280-4492-7950,2257,1
650,Cliente 650,33889703,0232-2154-4729,1122,0
652,Cliente 652,25878730,0268-1096-2036,2168,1
653,Cliente 653,58009699,0264-2738-5748,1234,0
654,Cliente 654,47784631,0297-8170-7249,1235,1
655,Cliente 655,30981381,0268-4602-3234,2548,0
656,Cliente 656,95100169,0218-5883-7113,2060,1
658,Cliente 658,38192821,0295-6633-4469,2061,1
660,Cliente 660,83665549,0259-2198-5762,1123,1
661,Cliente 661,23180503,0225-8982-6420,1973,1
662,Cliente 662,23427820,0236-2143-4170,2461,0
663,Cliente 663,54069864,0278-6008-3496,1674,0
666,Cliente 666,69774935,0245-6004-8978,1675,1
667,Cliente 667,96644469,0277-2343-5597,1886,1
668,Cliente 668,45330756,0293-2252-2235,2258,1
669,Cliente 669,89193333,0227-1600-5269,2169,0
671,Cliente 671,78506338,0211-7500-6961,2653,1
673,Cliente 673,34044459,0272-3395-8921,1887,1
674,Cliente 674,75450221,0229-2029-5331,2462,1
675,Cliente 675,99736040,0226-9485-6918,1124,0
676,Cliente 676,16232730,0205-6309-2691,1676,0
677,Cliente 677,87662596,0269-3848-7171,1974,0
678,Cliente 678,88876916,0283-2275-9465,2358,0
679,Cliente 679,79306247,0251-6781-6653,2463,0
681,Cliente 681,96366021,0235-4465-3461,2654,1
682,Cliente 682,90801793,0291-2938-4773,2359,0
684,Cliente 684,13012656,0231-1706-3095,1796,1
687,Cliente 687,39070676,0257-8723-8891,1236,1
688,Cliente 688,90643207,0218-3979-9369,1797,1
689,Cliente 689,70863732,0276-2127-4765,1451,0
690,Cliente 690,24572034,0202-4315-9564,1562,0
692,Cliente 692,25772785,0211-8901-3135,2655,1
694,Cliente 694,74709513,0298-7246-6742,2464,1
695,Cliente 695,27969486,0232-8817-4809,1798,1
697,Cliente 697,87576121,0266-2930-9515,1024,0
698,Cliente 698,52399610,0252-6935-2746,2259,0
699,Cliente 699,45071480,0268-7939-6990,1975,0
700,Cliente 700,37339300,0252-8904-3928,2170,0
701,Cliente 701,51158280,0273-6641-7522,1976,1
704,Cliente 704,29505652,0260-8133-2444,1237,0
706,Cliente 706,33524492,0281-9099-8192,1125,1
707,Cliente 707,48387144,0224-1550-9364,2656,1
709,Cliente 709,63611082,0245-7474-7642,1977,1
710,Cliente 710,12062459,0294-2124-2477,2657,0
712,Cliente 712,45045256,0222-7670-9294,1025,1
714,Cliente 714,60610858,0272-8923-4985,1677,0
715,Cliente 715,71836850,0275-1448-8896,1678,0
716,Cliente 716,61361533,0281-4610-4767,1238,0
717,Cliente 717,57391778,0266-9776-1159,1799,0
718,Cliente 718,48559355,0211-7536-6603,2465,1
719,Cliente 719,52127291,0245-4580-5408,2549,1
720,Cliente 720,36798789,0230-4965-5348,2550,1
721,Cliente 721,43513553,0279-6833-3555,2260,1
722,Cliente 722,20534423,0286-9071-1108,1331,1
723,Cliente 723,59821155,0279-6167-9066,2551,0
724,Cliente 724,34544645,0297-9374-5591,2552,1
725,Cliente 725,17267644,0267-7933-8836,1563,1
727,Cliente 727,11129926,0201-4452-7216,1452,1
728,Cliente 728,58533442,0278-5254-4066,1453,0
729,Cliente 729,46159360,0260-6621-6995,2466,0
732,Cliente 732,41649234,0271-8081-7240,1978,1
736,Cliente 736,94538675,0212-8370-6483,2553,0
737,Cliente 737,85208908,0271-5222-6638,2360,0
739,Cliente 739,53632879,0286-9363-8987,2361,0
740,Cliente 740,61146483,0278-5694-8598,1239,1
741,Cliente 741,95977279,0243-7911-7631,1888,1
743,Cliente 743,91253395,0282-7479-5444,1979,0
744,Cliente 744,70436720,0252-3741-4012,2658,1
745,Cliente 745,41491128,0284-5122-2311,1564,1
747,Cliente 747,63286118,0267-2363-2702,1026,1
748,Cliente 748,97890153,0249-6068-4757,1240,0
749,Cliente 749,94084814,0216-3150-9630,1679,1
750,Cliente 750,14718421,0284-6846-6328,1027,0
751,Cliente 751,82555977,0234-9987-8288,1680,1
752,Cliente 752,94697764,0295-8126-9576,1681,0
753,Cliente 753,74646194,0269-4721-2467,2362,0
754,Cliente 754,65325058,0233-3551-5973,2363,1
755,Cliente 755,28293937,0244-5698-8687,2659,1
756,Cliente 756,74030858,0238-1149-8052,2554,0
757,Cliente 757,10968781,0270-7121-4089,2467,0
758,Cliente 758,43540489,0220-7385-7199,2171,0
759,Cliente 759,66672010,0280-4924-9464,1241,0
761,Cliente 761,34482277,0217-5744-2808,1242,0
762,Cliente 762,46525224,0289-9060-4076,1682,1
763,Cliente 763,16661503,0268-1362-4046,1565,0
764,Cliente 764,26782477,0291-8183-1134,1980,1
765,Cliente 765,11976335,0263-4558-6601,1566,0
766,Cliente 766,59848072,0259-1519-6410,2555,1
767,Cliente 767,45769504,0299-7429-2169,1126,0
768,Cliente 768,35795612,0232-7251-1206,1889,1
769,Cliente 769,69453211,0231-1549-4263,2172,1
771,Cliente 771,31288466,0280-1691-9534,1454,0
772,Cliente 772,95700705,0238-4255-6905,2556,1
774,Cliente 774,88476684,0215-7484-4982,1981,1
776,Cliente 776,22267708,0287-6544-1983,2557,0
777,Cliente 777,81988124,0213-3061-8992,1567,0
778,Cliente 778,68883853,0293-4161-1349,2364,0
779,Cliente 779,28083446,0232-1646-8951,2365,0
780,Cliente 780,82844534,0289-9029-4109,2062,1
782,Cliente 782,81288059,0219-8362-5844,1243,0
783,Cliente 783,70945449,0200-9289-7210,2366,1
784,Cliente 784,93179370,0246-4912-6254,1028,1
788,Cliente 788,23254482,0204-7366-9026,2261,0
789,Cliente 789,59171204,0228-2161-1214,1127,0
791,Cliente 791,17824896,0278-5355-9667,2367,1
793,Cliente 793,35428946,0224-9621-5075,2173,1
794,Cliente 794,24161873,0298-6864-8515,1800,0
797,Cliente 797,91659860,0230-9939-4504,1455,0
798,Cliente 798,70720566,0257-7505-1003,2368,1
799,Cliente 799,89961933,0202-9480-3213,2063,1
800,Cliente 800,39781129,0227-6159-1355,2064,0
801,Cliente 801,84668420,0273-3534-2544,2660,0
802,Cliente 802,30952341,0217-5341-7014,2369,1
804,Cliente 804,53579429,0261-3832-8999,1244,1
806,Cliente 806,56698401,0255-7824-2974,1456,1
807,Cliente 807,95078886,0299-7266-1886,1029,1
809,Cliente 809,16780654,0286-7436-8300,1568,1
810,Cliente 810,67973424,0237-7460-3425,2468,0
813,Cliente 813,85067462,0225-8993-7476,2558,1
814,Cliente 814,43050557,0231-2173-5362,2661,0
818,Cliente 818,36801295,0287-7124-3555,2469,1
820,Cliente 820,50952251,0257-8719-1372,1332,1
821,Cliente 821,37353754,0269-9573-5237,2262,0
827,Cliente 827,71469875,0271-1352-1651,2662,0
828,Cliente 828,75757673,0250-3572-1301,1457,0
829,Cliente 829,93917080,0238-4869-9212,2370,1
831,Cliente 831,98171888,0217-2438-7262,2174,1
833,Cliente 833,82777382,0216-4387-3270,1683,1
834,Cliente 834,51473062,0288-9582-3215,1569,1
835,Cliente 835,52613620,0208-9732-2939,1890,0
836,Cliente 836,13957187,0297-6221-7783,1570,0
837,Cliente 837,95476210,0294-5485-3489,1684,1
839,Cliente 839,40992534,0287-1427-6886,2470,0
840,Cliente 840,77420864,0277-8680-7126,1571,0
842,Cliente 842,12015179,0234-7767-4646,1801,1
843,Cliente 843,18876667,0222-8197-9027,2263,0
844,Cliente 844,43122766,0254-7633-1685,1685,0
845,Cliente 845,62902012,0278-9784-9605,1458,1
847,Cliente 847,82191574,0250-1643-7347,2663,1
848,Cliente 848,49081432,0256-7521-5989,2264,0
850,Cliente 850,96718276,0257-2481-9202,1686,1
851,Cliente 851,62756521,0252-6299-8387,1572,1
852,Cliente 852,89230801,0291-4308-8449,1687,0
853,Cliente 853,97050454,0291-3686-3024,1459,1
854,Cliente 854,95103759,0246-2397-9582,1688,0
855,Cliente 855,92150984,0220-7204-7235,2664,1
857,Cliente 857,16886777,0253-6047-6071,1891,0
858,Cliente 858,94081078,0223-2926-3155,2065,1
859,Cliente 859,11638498,0258-9153-9169,1982,1
862,Cliente 862,16565770,0223-3429-1902,2265,0
863,Cliente 863,29511823,0204-5889-6424,1128,1
864,Cliente 864,65963010,0222-3643-5659,1333,1
865,Cliente 865,87707540,0246-1587-2525,1689,0
866,Cliente 866,59468550,0248-2108-8001,1460,1
868,Cliente 868,38164968,0289-4425-1953,2665,1
869,Cliente 869,91171931,0290-5705-7996,2559,0
873,Cliente 873,92585240,0253-7783-1745,2266,0
874,Cliente 874,11516293,0281-4296-5614,2267,1
875,Cliente 875,50303435,0264-6307-1100,2066,0
877,Cliente 877,74304823,0260-1582-3224,1461,1
879,Cliente 879,50177237,0272-6169-9779,2666,1
881,Cliente 881,60363964,0280-9753-3719,1462,0
883,Cliente 883,65548633,0211-9143-4893,1983,0
884,Cliente 884,39009803,0267-5953-3867,2067,0
886,Cliente 886,30679969,0224-6572-8921,2667,0
887,Cliente 887,29232735,0298-2609-9456,1463,1
888,Cliente 888,14905998,0258-7350-9558,2268,1
889,Cliente 889,15909601,0287-2426-6460,2068,1
890,Cliente 890,79870757,0298-6119-1368,1334,0
891,Cliente 891,53067834,0225-4154-5695,2269,0
892,Cliente 892,25790828,0234-3446-3580,1690,1
893,Cliente 893,93610257,0271-9422-2677,1030,0
894,Cliente 894,46379997,0218-5641-5011,1464,1
895,Cliente 895,92310750,0243-9856-8268,2069,1
896,Cliente 896,73181059,0286-1826-2735,1031,1
897,Cliente 897,67239263,0250-3932-8304,1245,0
898,Cliente 898,54604858,0225-9740-2286,2070,0
899,Cliente 899,22470997,0289-8672-2593,1573,0
900,Cliente 900,73155598,0229-4666-3354,1691,0
901,Cliente 901,62623673,0223-6412-6320,2371,0
904,Cliente 904,24358786,0241-2162-5949,2175,0
906,Cliente 906,61514973,0208-6582-4411,2560,0
907,Cliente 907,86129797,0243-9921-4869,1802,1
908,Cliente 908,25344154,0275-8584-6330,2561,1
910,Cliente 910,53943990,0263-2007-2483,2176,1
911,Cliente 911,29693143,0284-3444-8421,1032,0
912,Cliente 912,92620697,0273-8326-4205,2177,0
913,Cliente 913,86541203,0286-5989-8122,2071,0
914,Cliente 914,88212291,0201-9362-7622,1246,1
915,Cliente 915,18376603,0247-9992-1870,2072,0
916,Cliente 916,47877483,0203-4854-8073,1335,0
917,Cliente 917,61377152,0251-7251-8130,1465,1
918,Cliente 918,73736162,0217-4083-7301,1892,0
919,Cliente 919,30705405,0236-3056-3200,1803,1
920,Cliente 920,29326800,0292-8974-8155,1033,1
921,Cliente 921,96200382,0253-8471-7974,1574,1
922,Cliente 922,78372512,0254-8373-7303,1692,1
924,Cliente 924,46138183,0252-9948-7012,2668,1
925,Cliente 925,59469782,0214-8889-2311,2562,0
926,Cliente 926,79383794,0210-9574-2449,1693,0
927,Cliente 927,95052118,0269-6119-1864,1247,1
930,Cliente 930,94463223,0260-3770-1845,1129,0
931,Cliente 931,48495745,0262-2351-3077,1034,1
932,Cliente 932,43829709,0216-5603-5509,1984,0
933,Cliente 933,24971907,0277-3860-3476,1035,0
935,Cliente 935,21328172,0218-3525-9125,1466,0
936,Cliente 936,41936764,0284-8211-3740,2178,0
937,Cliente 937,96202825,0233-2900-1860,1130,0
938,Cliente 938,73918769,0238-8803-9724,2179,0
939,Cliente 939,73698335,0233-3378-9690,2180,0
940,Cliente 940,48761035,0257-7258-6172,1036,1
941,Cliente 941,81308986,0281-6797-8074,1336,0
943,Cliente 943,42453439,0293-4193-9518,1694,1
944,Cliente 944,83499313,0201-1138-2113,1467,0
945,Cliente 945,80499776,0213-8306-6759,1337,0
946,Cliente 946,35914696,0204-1388-2506,1985,1
947,Cliente 947,26103055,0211-3128-7159,1338,1
948,Cliente 948,34731360,0232-5826-8650,1339,1
949,Cliente 949,47095573,0298-7995-6298,1695,1
957,Cliente 957,75857881,0261-8144-7617,2669,1
958,Cliente 958,10443906,0249-8898-2985,2471,0
959,Cliente 959,50644896,0251-1904-2485,1468,0
960,Cliente 960,71691749,0297-5750-4327,1248,1
962,Cliente 962,21390049,0280-8175-4104,2563,1
964,Cliente 964,77066471,0268-8361-1268,2073,0
966,Cliente 966,71521428,0286-9791-3440,2670,1
969,Cliente 969,51250118,0212-8474-3796,1131,1
970,Cliente 970,25324937,0263-4613-2033,1340,1
971,Cliente 971,55277425,0294-7586-6312,1804,1
973,Cliente 973,46761344,0218-7801-3753,1341,0
977,Cliente 977,37670356,0218-5439-9570,1575,0
978,Cliente 978,33427561,0278-1616-3949,2472,0
980,Cliente 980,25771632,0267-2567-6929,2270,1
981,Cliente 981,94082607,0284-4409-5528,1696,1
982,Cliente 982,30027622,0287-8772-9151,1342,1
984,Cliente 984,54868265,0278-8424-1709,1986,1
985,Cliente 985,31212522,0203-8947-9436,1893,1
986,Cliente 986,69702849,0275-6340-7865,2473,0
987,Cliente 987,24781783,0241-4731-2606,2474,0
988,Cliente 988,60403103,0228-2204-8716,2271,0
989,Cliente 989,68500818,0218-4541-8454,1132,0
990,Cliente 990,28307917,0258-4181-6875,2372,1
991,Cliente 991,27074074,0204-1977-5597,1469,1
993,Cliente 993,95630804,0278-3784-4763,1894,0
997,Cliente 997,14512474,0254-9701-7460,2671,1
998,Cliente 998,76476033,0230-2361-1203,1697,0
999,Cliente 999,27812303,0245-5846-4916,2272,1
1001,Cliente 1001,71047698,0259-3271-7641,1037,0
1002,Cliente 1002,95013818,0200-2158-7305,1698,0
1003,Cliente 1003,14390822,0237-7977-5420,2672,1
1004,Cliente 1004,93276088,0242-1898-9433,1249,0
1005,Cliente 1005,24893677,0249-6989-8624,1133,1
1006,Cliente 1006,59181804,0222-2097-4354,2373,0
1009,Cliente 1009,60038218,0244-8412-8966,1250,1
1010,Cliente 1010,81391010,0286-9730-5788,2564,0
1011,Cliente 1011,35280389,0258-2430-2313,1251,1
1012,Cliente 1012,20327693,0213-3699-5521,2074,1
1014,Cliente 1014,73606441,0244-7883-8272,1576,1
1015,Cliente 1015,35375292,0208-1361-4806,2075,0
1016,Cliente 1016,87672417,0243-6346-8965,1805,0
1019,Cliente 1019,71193423,0221-3634-9770,2076,1
1020,Cliente 1020,99436783,0219-3641-4897,1895,1
1024,Cliente 1024,64299436,0263-3381-8504,1038,1
1025,Cliente 1025,83302419,0264-6427-5842,1039,0
1026,Cliente 1026,85864089,0293-8243-6549,1577,1
1031,Cliente 1031,17522583,0285-6915-7513,2673,0
1032,Cliente 1032,61823158,0247-1199-5663,2374,0
1033,Cliente 1033,69804203,0271-2435-4533,2077,0
1034,Cliente 1034,69391930,0236-3683-7944,1806,0
1036,Cliente 1036,80504712,0242-2083-7156,2565,1
1039,Cliente 1039,50532800,0274-5979-9095,1134,0
1041,Cliente 1041,97753291,0285-5713-7834,1343,0
1042,Cliente 1042,13817499,0215-5541-9078,2475,0
1043,Cliente 1043,85910136,0255-5225-8799,2566,1
1044,Cliente 1044,78790057,0293-1287-5252,2375,1
1045,Cliente 1045,52906872,0259-3219-6855,1578,1
1048,Cliente 1048,90364540,0296-3738-9908,1344,0
1049,Cliente 1049,46434606,0287-6939-2570,2078,0
1052,Cliente 1052,84981433,0278-9612-9717,2273,1
1053,Cliente 1053,71806103,0209-2909-3150,1807,0
1054,Cliente 1054,51818682,0288-6940-3277,2376,0
1055,Cliente 1055,55908520,0222-5991-1471,2674,1
1056,Cliente 1056,27275764,0288-3332-4712,2476,1
1060,Cliente 1060,26615289,0277-4365-4277,1345,0
1061,Cliente 1061,22184193,0218-5544-6698,1040,1
1062,Cliente 1062,92269619,0230-9272-2119,2675,1
1064,Cliente 1064,38724658,0264-8777-7004,1346,1
1066,Cliente 1066,40541809,0252-2848-6149,2676,0
1067,Cliente 1067,79756655,0217-9123-6918,1347,0
1068,Cliente 1068,21039132,0241-9088-2895,1135,0
1069,Cliente 1069,90582915,0294-6111-8273,1699,0
1070,Cliente 1070,67440042,0224-2140-8793,2079,0
1072,Cliente 1072,98388851,0286-2392-2953,2677,0
1073,Cliente 1073,89263249,0213-3764-2060,2181,1
1074,Cliente 1074,36878911,0276-7623-3011,1470,0
1075,Cliente 1075,47382097,0297-5472-7557,2567,0
1077,Cliente 1077,26400072,0232-9017-9147,1348,1
1079,Cliente 1079,61356129,0277-6356-3502,1896,1
1080,Cliente 1080,98728736,0296-9518-9064,1252,0
1081,Cliente 1081,49401349,0284-9157-9032,2274,0
1082,Cliente 1082,82548572,0269-1289-1517,1471,1
1084,Cliente 1084,33738978,0271-5965-3689,1136,0
1085,Cliente 1085,51937627,0291-7374-8986,1579,1
1086,Cliente 1086,98594248,0270-9837-8697,2568,1
1088,Cliente 1088,48176560,0241-2006-1461,2377,1
1089,Cliente 1089,59178730,0244-1440-6591,1580,1
1090,Cliente 1090,56324312,0245-7749-6755,1808,1
1092,Cliente 1092,25364077,0243-3781-1322,2080,0
1093,Cliente 1093,71862210,0284-7921-9433,1137,0
1095,Cliente 1095,86844836,0212-9001-2639,1472,1
1096,Cliente 1096,76670159,0264-6563-3730,1473,0
1101,Cliente 1101,99047650,0269-6133-4278,1809,0
1103,Cliente 1103,35036832,0273-9178-4489,2678,0
1104,Cliente 1104,95621026,0268-8106-1981,1987,1
1105,Cliente 1105,72073912,0218-4938-3465,2378,0
1108,Cliente 1108,42008703,0214-3456-4144,2182,1
1109,Cliente 1109,72298460,0262-8145-7914,2081,1
1110,Cliente 1110,31388734,0234-3235-1477,2275,0
1112,Cliente 1112,90745350,0238-2041-7668,1474,1
1113,Cliente 1113,28865664,0230-2833-9196,2183,0
1115,Cliente 1115,66756516,0227-3363-2750,2477,1
1117,Cliente 1117,52478561,0269-7943-8780,1349,1
1118,Cliente 1118,29449696,0246-8786-7025,1988,0
1119,Cliente 1119,96623797,0277-1570-1895,1041,1
1124,Cliente 1124,66689004,0212-3627-5275,1475,1
1126,Cliente 1126,96083599,0282-4010-8264,1138,1
1128,Cliente 1128,31182569,0231-9460-3131,1350,0
1129,Cliente 1129,70597948,0261-3187-5270,1476,0
1130,Cliente 1130,36664193,0210-7791-7022,2082,0
1132,Cliente 1132,72065617,0225-5289-3764,1253,0
1133,Cliente 1133,90583348,0233-3445-2459,1810,1
1134,Cliente 1134,11894470,0291-9615-8129,1351,0
1135,Cliente 1135,25906458,0228-4328-4121,2569,0
1136,Cliente 1136,76326127,0248-3133-8066,2083,1
1137,Cliente 1137,47979220,0293-4102-7853,2276,0
1139,Cliente 1139,59611937,0274-8506-2404,2478,0
1140,Cliente 1140,53385340,0288-7513-4476,1581,0
1143,Cliente 1143,44045250,0264-7241-5956,1042,0
1146,Cliente 1146,44951103,0214-6132-1723,1582,0
1147,Cliente 1147,58397866,0255-5635-5312,1989,0
1149,Cliente 1149,84581396,0284-8208-1871,1583,1
1150,Cliente 1150,40851360,0223-1587-8704,1139,1
1152,Cliente 1152,71439467,0263-2843-3425,2570,0
1153,Cliente 1153,37344675,0236-3959-3757,1254,0
1154,Cliente 1154,88322404,0200-9618-3958,2277,1
1156,Cliente 1156,62904575,0247-2737-6300,1352,1
1157,Cliente 1157,71771451,0290-8861-8439,1255,0
1159,Cliente 1159,16534020,0282-5635-6294,2278,1
1160,Cliente 1160,83438064,0277-7248-2516,1256,0
1163,Cliente 1163,50070254,0262-8083-6080,1353,1
1164,Cliente 1164,99324622,0212-7020-9399,2379,0
1165,Cliente 1165,62088494,0260-5398-7931,1700,0
1166,Cliente 1166,92391939,0223-8112-7979,2380,1
1167,Cliente 1167,55868216,0259-4673-3540,2679,1
1168,Cliente 1168,72843313,0255-2297-8825,2084,1
1170,Cliente 1170,16052535,0265-2763-9366,1257,0
1171,Cliente 1171,72365138,0284-5151-6823,1354,1
1172,Cliente 1172,12183547,0214-8583-3941,2680,1
1173,Cliente 1173,16074522,0210-7819-5876,2184,0
1174,Cliente 1174,93726413,0233-6592-4066,1701,1
1175,Cliente 1175,91074604,0233-2742-8107,1258,1
1176,Cliente 1176,63007123,0214-1217-3813,1043,0
1178,Cliente 1178,50621889,0211-3049-3213,2185,1
1179,Cliente 1179,12132081,0289-4083-1439,1355,0
1180,Cliente 1180,97206603,0230-8139-9824,1584,1
1181,Cliente 1181,72199925,0218-8765-7912,2085,1
1182,Cliente 1182,30457766,0294-8295-8947,1897,1
1183,Cliente 1183,88547740,0231-4298-5830,1702,0
1184,Cliente 1184,54808596,0201-2682-8074,1140,0
1186,Cliente 1186,18147644,0267-1311-7914,2479,0
1187,Cliente 1187,45950066,0282-7834-8755,1259,0
1188,Cliente 1188,70173215,0289-8147-1340,2381,0
1189,Cliente 1189,72980385,0244-8178-4802,2279,1
1191,Cliente 1191,97577092,0294-6902-8738,1811,1
1193,Cliente 1193,30980122,0277-9063-2653,2280,0
1194,Cliente 1194,50755467,0230-4431-1770,2571,0
1195,Cliente 1195,57921617,0286-3598-3862,1990,1
1196,Cliente 1196,55329991,0255-2867-4714,1260,1
1198,Cliente 1198,79174131,0277-2706-1826,1585,0
1199,Cliente 1199,24212564,0278-2669-1687,1356,1
1204,Cliente 1204,59987561,0291-7799-6908,1991,1
1205,Cliente 1205,81088456,0253-4738-3260,1586,0
1206,Cliente 1206,64936566,0258-9456-6927,1812,0
1207,Cliente 1207,11335293,0291-9476-2140,1587,0
1208,Cliente 1208,63908666,0298-3692-8111,1477,0
1209,Cliente 1209,98607345,0282-3473-1947,1141,0
1211,Cliente 1211,80839007,0278-3406-7618,1992,1
1212,Cliente 1212,56338752,0283-7627-4232,1703,1
1213,Cliente 1213,82133102,0242-7389-3064,1142,0
1214,Cliente 1214,22458031,0265-6115-9541,2281,1
1215,Cliente 1215,13743496,0269-5238-4954,1044,0
1216,Cliente 1216,77816807,0214-1982-7110,1813,0
1217,Cliente 1217,16406597,0296-3043-8352,1357,1
1218,Cliente 1218,55497164,0230-9737-4831,1704,0
1219,Cliente 1219,99512805,0291-3293-7187,2086,1
1220,Cliente 1220,54002874,0266-4154-6919,1358,1
1221,Cliente 1221,67135430,0252-2342-2511,1588,0
1223,Cliente 1223,62986806,0233-9172-7937,2681,0
1224,Cliente 1224,31856387,0218-9286-3082,1814,0
1226,Cliente 1226,31050667,0271-7051-2945,1143,0
1227,Cliente 1227,26222417,0247-5744-1659,1359,1
1228,Cliente 1228,59857504,0239-7135-5968,1360,0
1229,Cliente 1229,29175605,0218-7910-1797,1045,0
1232,Cliente 1232,60641104,0260-3175-3269,1478,0
1234,Cliente 1234,41248877,0250-6554-9863,2186,0
1235,Cliente 1235,96693449,0211-3713-1406,1993,0
1236,Cliente 1236,96424699,0271-2395-4152,1361,1
1239,Cliente 1239,81611045,0277-6249-7583,1261,1
1240,Cliente 1240,13122340,0243-8160-3957,2572,1
1241,Cliente 1241,52598349,0248-5213-2491,2682,1
1242,Cliente 1242,48299260,0218-3992-5187,1898,1
1244,Cliente 1244,13646855,0291-1958-5882,1899,1
1245,Cliente 1245,29120731,0252-6311-5225,1479,1
1246,Cliente 1246,37187070,0230-4874-9076,1144,0
1247,Cliente 1247,46143160,0207-6215-8615,1362,0
1251,Cliente 1251,82536595,0221-5016-9806,2382,0
1252,Cliente 1252,10134359,0259-5739-3742,1145,1
1253,Cliente 1253,46682099,0276-5110-7228,2573,1
1254,Cliente 1254,47756962,0205-3644-9750,2683,1
1256,Cliente 1256,38299831,0278-9270-6215,1815,0
1259,Cliente 1259,10574350,0201-3843-7769,2574,0
1260,Cliente 1260,82226781,0210-2270-9825,2187,0
1262,Cliente 1262,72101540,0247-4161-8283,1363,1
1264,Cliente 1264,41441568,0263-6947-1602,2480,0
1265,Cliente 1265,10957697,0225-7489-2817,2282,0
1266,Cliente 1266,76305077,0221-4174-3875,2684,1
1267,Cliente 1267,27103487,0233-4734-9570,1262,0
1268,Cliente 1268,13102778,0288-9731-5143,2283,0
1269,Cliente 1269,67326334,0282-1849-6292,1046,0
1270,Cliente 1270,26336672,0287-9491-8644,1994,0
1271,Cliente 1271,15833729,0292-4678-1769,2685,0
1272,Cliente 1272,52445278,0200-7420-4188,1705,1
1273,Cliente 1273,40283277,0288-7943-2219,1047,1
1277,Cliente 1277,90525899,0279-8184-2567,1263,0
1278,Cliente 1278,21480272,0207-1546-7183,1364,1
1279,Cliente 1279,18321798,0256-1897-5939,1589,0
1282,Cliente 1282,61528873,0259-8014-2659,1706,1
1283,Cliente 1283,79419139,0242-4153-2769,1707,1
1285,Cliente 1285,74612320,0292-8284-4046,1816,1
1286,Cliente 1286,18118989,0216-6106-8140,1146,0
1288,Cliente 1288,49065941,0247-1132-9481,1480,1
1291,Cliente 1291,90498733,0288-6425-6499,1708,0
1292,Cliente 1292,54106502,0220-2717-8443,1817,1
1293,Cliente 1293,39448158,0200-4654-4772,2575,1
1294,Cliente 1294,74524663,0294-6431-7158,2481,0
1297,Cliente 1297,13984330,0225-4241-5654,1147,1
1300,Cliente 1300,38217583,0239-8474-4934,1481,0
1302,Cliente 1302,35453201,0224-9725-7196,1590,0
1303,Cliente 1303,90470126,0254-5006-1756,1482,1
1304,Cliente 1304,29940314,0241-5049-1872,2087,0
1305,Cliente 1305,78218774,0274-9011-4428,1591,1
1310,Cliente 1310,41458567,0250-4581-6013,1709,0
1312,Cliente 1312,69660493,0266-6760-4771,2088,1
1313,Cliente 1313,78754653,0279-6511-7981,1710,0
1315,Cliente 1315,34100904,0256-4830-5351,1048,1
1316,Cliente 1316,21062025,0237-9220-9401,2383,1
1317,Cliente 1317,40566959,0212-2942-2168,1995,1
1318,Cliente 1318,54796219,0225-6394-5096,2284,0
1319,Cliente 1319,91072076,0217-9898-5278,2285,0
1320,Cliente 1320,56524207,0251-7647-1194,2089,1
1321,Cliente 1321,40545068,0229-4438-8773,2188,0
1324,Cliente 1324,11299382,0263-6810-6567,2090,0
1326,Cliente 1326,28674348,0219-6410-7404,1148,1
1329,Cliente 1329,14302906,0288-9005-1439,1900,1
1331,Cliente 1331,17711235,0247-9495-1180,1711,0
1332,Cliente 1332,62493261,0220-2814-3115,1818,0
1333,Cliente 1333,19229212,0249-4382-3128,2576,1
1334,Cliente 1334,68008992,0290-8778-3601,2091,0
1335,Cliente 1335,77441055,0291-8519-5512,2286,1
1336,Cliente 1336,69825080,0208-7541-5044,1592,0
1337,Cliente 1337,71767610,0259-1640-2492,2577,0
1338,Cliente 1338,49922892,0250-3869-7800,2384,1
1341,Cliente 1341,76234781,0252-2986-7041,2287,1
1343,Cliente 1343,15990830,0259-1437-2199,2686,0
1344,Cliente 1344,56124957,0295-7542-4185,2189,1
1346,Cliente 1346,71922288,0208-2352-9985,2578,1
1347,Cliente 1347,28824809,0260-5573-3643,1712,1
1349,Cliente 1349,20413322,0285-1183-5476,1901,0
1350,Cliente 1350,33882733,0227-1564-9721,2385,0
1351,Cliente 1351,95200126,0266-2684-7399,1149,0
1352,Cliente 1352,17035056,0276-1076-1797,1713,0
1354,Cliente 1354,13750602,0201-6523-4148,1819,1
1355,Cliente 1355,22965862,0285-3750-3736,2482,0
1356,Cliente 1356,24453078,0241-6286-4105,2687,1
1358,Cliente 1358,33303091,0201-7588-6181,1483,0
1359,Cliente 1359,71575863,0228-2081-5562,2288,0
1360,Cliente 1360,19037049,0227-7735-5940,1150,0
1361,Cliente 1361,81965066,0272-3809-5127,1365,0
1362,Cliente 1362,27841755,0242-3872-6209,2190,0
1363,Cliente 1363,54977061,0202-8354-7264,1264,1
1364,Cliente 1364,88848693,0290-1217-4811,2688,1
1365,Cliente 1365,41728577,0294-8020-4990,2092,1
1366,Cliente 1366,28462384,0247-9171-5859,1151,1
1367,Cliente 1367,37432134,0282-1621-4900,2191,0
1368,Cliente 1368,28021013,0235-6202-1648,1484,0
1370,Cliente 1370,99255596,0231-4644-7250,1152,0
1371,Cliente 1371,69372673,0280-1099-2058,1902,0
1372,Cliente 1372,35832275,0206-3318-4345,1265,1
1373,Cliente 1373,89541539,0270-4348-4871,1903,1
1374,Cliente 1374,72689644,0239-3689-4236,1820,0
1375,Cliente 1375,91315976,0231-5966-5675,1904,0
1378,Cliente 1378,74693042,0202-7249-8002,1593,1
1380,Cliente 1380,51050127,0258-5640-7146,1714,0
1382,Cliente 1382,11722586,0264-7131-9051,1049,0
1383,Cliente 1383,60082660,0249-9020-6043,2192,1
1386,Cliente 1386,66913730,0294-5043-4970,2193,1
1387,Cliente 1387,94685039,0290-1462-3422,2386,0
1388,Cliente 1388,44129962,0231-3644-1202,1594,1
1389,Cliente 1389,63373950,0290-2316-9495,2194,0
1390,Cliente 1390,67293719,0232-5951-9202,1905,0
1391,Cliente 1391,65245223,0296-2456-2790,2093,0
1392,Cliente 1392,46107432,0295-4432-7520,1595,0
1393,Cliente 1393,32602089,0262-1025-2587,1050,0
1394,Cliente 1394,65947629,0283-5724-8060,2689,1
1397,Cliente 1397,35754346,0233-7697-8220,1906,1
1398,Cliente 1398,20711890,0237-2404-7188,1907,0
1399,Cliente 1399,55922853,0203-4846-8829,1266,1
1400,Cliente 1400,18194860,0234-1118-1685,1051,1
1401,Cliente 1401,10974683,0248-9520-5355,2690,0
1403,Cliente 1403,42158168,0246-7528-7200,1485,1
1404,Cliente 1404,54326109,0212-1050-8486,2387,0
1406,Cliente 1406,70655417,0279-8785-9436,2388,1
1407,Cliente 1407,95640742,0241-1272-6901,1052,1
1408,Cliente 1408,69633763,0229-8938-7556,1486,1
1410,Cliente 1410,79800523,0273-9267-1520,1596,0
1411,Cliente 1411,50446284,0286-9990-8648,1267,0
1413,Cliente 1413,98549488,0289-2465-2728,1908,1
1414,Cliente 1414,53822194,0249-5593-4610,1909,0
1415,Cliente 1415,26521948,0285-3224-9757,2579,0
1417,Cliente 1417,41322048,0228-5244-2895,1821,1
1420,Cliente 1420,66867849,0240-6980-3069,2195,1
1421,Cliente 1421,63057930,0201-9819-8546,1366,1
1422,Cliente 1422,39380829,0263-8467-3415,2094,0
1423,Cliente 1423,99301859,0289-1562-6245,1597,1
1425,Cliente 1425,54713904,0219-4450-4687,1153,1
1426,Cliente 1426,75431766,0293-7419-5900,1910,1
1427,Cliente 1427,83543652,0250-6528-7921,1053,0
1428,Cliente 1428,62527814,0250-2176-9648,2389,0
1429,Cliente 1429,36184828,0289-9978-7451,2095,1
1430,Cliente 1430,87897778,0206-5981-8496,1487,1
1431,Cliente 1431,69308631,0289-8904-5769,1598,1
1432,Cliente 1432,36260378,0294-1149-6934,2289,1
1434,Cliente 1434,34109916,0206-2922-9444,2580,0
1435,Cliente 1435,29940502,0280-7619-5014,1822,1
1436,Cliente 1436,63236763,0262-5959-3826,2483,0
1438,Cliente 1438,11557250,0215-2910-2353,2390,0
1441,Cliente 1441,53651494,0208-9806-4029,1367,1
1443,Cliente 1443,98393430,0215-3960-3948,2290,0
1444,Cliente 1444,26514861,0205-3110-4378,1488,1
1445,Cliente 1445,85496963,0232-1573-2386,1268,0
1447,Cliente 1447,79718468,0237-9750-8289,1154,0
1450,Cliente 1450,90818451,0270-4539-6882,1599,1
1451,Cliente 1451,19980384,0270-5177-5270,1823,1
1452,Cliente 1452,71212377,0210-5164-7968,2196,1
1453,Cliente 1453,19470140,0280-5413-4156,2291,0
1456,Cliente 1456,83600812,0252-2080-6396,1368,1
1457,Cliente 1457,54763940,0299-5476-3397,2391,1
1460,Cliente 1460,84026745,0234-2623-1785,2096,0
1461,Cliente 1461,34249450,0244-9711-7597,2197,1
1462,Cliente 1462,11274728,0287-9414-3547,1996,1
1463,Cliente 1463,60841764,0272-5380-1866,1600,0
1465,Cliente 1465,77408068,0236-5519-8008,1715,1
1467,Cliente 1467,95184862,0210-2256-4932,1269,1
1470,Cliente 1470,11865661,0278-4115-1119,2198,0
1471,Cliente 1471,42779491,0294-9652-1693,2392,0
1472,Cliente 1472,80265183,0228-3864-2230,1911,1
1475,Cliente 1475,50154990,0261-5809-5337,2097,1
1476,Cliente 1476,39187415,0239-9446-1580,2199,0
1477,Cliente 1477,57747160,0200-8542-6382,1155,0
1478,Cliente 1478,10691813,0244-4050-7587,1369,1
1479,Cliente 1479,67821509,0262-4236-2388,1370,1
1480,Cliente 1480,26621878,0262-1113-3549,1824,0
1481,Cliente 1481,73176107,0250-7132-5903,2484,0
1482,Cliente 1482,81998064,0234-2780-8185,1912,0
1483,Cliente 1483,28773624,0245-8110-1095,1913,1
1484,Cliente 1484,35443261,0236-1659-3190,1371,0
1485,Cliente 1485,14242158,0220-4260-8852,1489,0
1487,Cliente 1487,62190363,0216-2797-2767,2691,1
1488,Cliente 1488,30876492,0244-9192-1223,1601,1
1489,Cliente 1489,55921387,0254-1131-8116,1156,0
1490,Cliente 1490,75220319,0210-8027-5059,2098,1
1491,Cliente 1491,35079956,0231-5606-2884,2692,0
1493,Cliente 1493,92020513,0223-4091-3436,2693,1
1494,Cliente 1494,63859314,0204-5486-4148,1602,0
1496,Cliente 1496,51130478,0289-4791-4633,2694,0
1497,Cliente 1497,18234220,0265-7997-1846,2581,1
1498,Cliente 1498,58798364,0235-6751-7849,1997,0
1500,Cliente 1500,48294595,0260-5590-2650,2292,1
1503,Cliente 1503,91163313,0247-4903-5521,2695,0
1506,Cliente 1506,73645847,0297-4309-9741,2099,1
1508,Cliente 1508,70194264,0280-2923-8145,2393,0
1509,Cliente 1509,80298247,0264-1358-3735,1825,0
1511,Cliente 1511,81466893,0265-2228-3711,2582,0
1512,Cliente 1512,63801036,0277-5448-4390,2200,1
1513,Cliente 1513,86758847,0227-1145-9401,1914,0
1514,Cliente 1514,39573041,0237-5399-2951,2100,1
1517,Cliente 1517,10187899,0283-6692-7047,1372,1
1519,Cliente 1519,39431208,0293-5582-3895,2394,1
1520,Cliente 1520,61268618,0283-5216-4377,1373,0
1521,Cliente 1521,53521847,0234-4341-7479,2485,0
1522,Cliente 1522,68237550,0247-3430-8848,2486,0
1523,Cliente 1523,71658297,0223-3885-4094,1915,0
1525,Cliente 1525,91580498,0224-2137-3351,2201,0
1526,Cliente 1526,71072308,0282-7594-2642,2487,1
1527,Cliente 1527,90972685,0212-7191-7291,1054,1
1528,Cliente 1528,96500924,0205-3165-5068,1055,1
1529,Cliente 1529,29144226,0280-1221-1153,1998,1
1530,Cliente 1530,21403835,0225-3281-8871,1490,0
1532,Cliente 1532,94219725,0269-3016-1347,1999,1
1533,Cliente 1533,83100625,0237-2680-9381,1374,0
1535,Cliente 1535,57420453,0283-5699-4700,1603,0
1537,Cliente 1537,20239462,0278-6467-2939,2395,1
1538,Cliente 1538,91135473,0219-3917-8022,1157,0
1539,Cliente 1539,67075357,0219-5940-5702,1916,1
1541,Cliente 1541,29950518,0299-3401-6247,1056,0
1542,Cliente 1542,74214057,0208-2854-8003,1716,0
1543,Cliente 1543,22139593,0241-3089-3979,1604,0
1544,Cliente 1544,52857838,0263-7944-8885,2396,0
1545,Cliente 1545,28551745,0283-5028-7278,1491,0
1546,Cliente 1546,81467508,0268-4770-7301,2583,0
1547,Cliente 1547,87561262,0299-4593-2429,2696,0
1548,Cliente 1548,37283734,0202-6937-8764,1057,1
1550,Cliente 1550,42547451,0226-4679-1915,1826,1
1551,Cliente 1551,29203413,0248-1431-7958,1375,1
1554,Cliente 1554,86394469,0253-3452-3988,1058,1
1555,Cliente 1555,50199242,0260-7742-6526,2697,1
1556,Cliente 1556,24933959,0219-1983-1526,2101,1
1558,Cliente 1558,86781282,0264-6014-4724,2000,1
1561,Cliente 1561,74077726,0240-7637-7233,1717,1
1563,Cliente 1563,58680988,0277-6496-1459,1270,0
1564,Cliente 1564,82688015,0213-2070-4471,1917,1
1565,Cliente 1565,35198547,0270-4305-1530,2102,0
1566,Cliente 1566,86520583,0272-1735-8926,1271,1
1567,Cliente 1567,22510559,0239-1138-6843,1492,0
1570,Cliente 1570,88809362,0248-8814-1612,1059,1
1571,Cliente 1571,72157065,0210-2528-4794,1605,1
1573,Cliente 1573,49036097,0246-8059-1655,1493,0
1574,Cliente 1574,38027431,0278-2228-3496,2488,0
1575,Cliente 1575,12005448,0218-6071-9964,1376,1
1577,Cliente 1577,47596710,0273-6952-6789,1272,1
1578,Cliente 1578,71839630,0233-8753-5194,1918,0
1580,Cliente 1580,64899510,0279-3113-8222,2202,0
1582,Cliente 1582,93297363,0282-1934-5011,1158,1
1584,Cliente 1584,39937437,0249-8573-2531,1273,0
1585,Cliente 1585,96232807,0268-8616-2787,1718,1
1586,Cliente 1586,63277039,0298-8096-4268,1377,0
1587,Cliente 1587,52585253,0243-8967-4483,1274,0
1588,Cliente 1588,47362868,0258-1627-9930,1378,0
1589,Cliente 1589,95928388,0227-6245-1513,1606,0
1590,Cliente 1590,58518736,0255-8756-4496,1159,1
1594,Cliente 1594,67516899,0243-5864-3695,1275,0
1595,Cliente 1595,74642647,0260-9773-3632,1827,0
1596,Cliente 1596,86546634,0249-1162-4253,2397,1
1597,Cliente 1597,99129018,0293-6185-1232,1494,0
1598,Cliente 1598,77034462,0240-2861-7658,1607,1
1599,Cliente 1599,26873477,0281-8361-2596,1719,1
1600,Cliente 1600,66395082,0289-9947-3721,2293,0
1601,Cliente 1601,56719252,0226-4131-1235,2294,0
1602,Cliente 1602,50526300,0239-9226-3043,1060,0
1603,Cliente 1603,65573350,0252-6762-6770,1720,0
1604,Cliente 1604,55073885,0214-3880-8517,2698,0
1606,Cliente 1606,98530765,0288-8167-5640,2103,1
1608,Cliente 1608,95030306,0256-9247-1534,1379,0
1611,Cliente 1611,60283839,0228-9315-5646,1061,0
1612,Cliente 1612,65662309,0286-4957-1068,2104,1
1614,Cliente 1614,32872143,0273-8045-4962,1495,0
1616,Cliente 1616,95399182,0249-3846-7604,1608,1
1619,Cliente 1619,68709658,0201-3507-1455,1062,1
1621,Cliente 1621,42174926,0283-4633-5864,1919,1
1624,Cliente 1624,29036823,0236-5292-3959,1380,1
1626,Cliente 1626,19875199,0262-2250-4445,1828,0
1627,Cliente 1627,52088657,0281-8387-3639,2203,0
1629,Cliente 1629,92410355,0276-9953-1082,2584,0
1630,Cliente 1630,35883252,0277-1484-9781,1381,1
1631,Cliente 1631,58974793,0214-4554-1483,2295,1
1632,Cliente 1632,21199497,0293-3073-5384,2489,0
1634,Cliente 1634,78807596,0251-4163-5097,1829,1
1635,Cliente 1635,62724203,0213-6105-3714,2001,1
1636,Cliente 1636,68179582,0257-7942-5451,2585,0
1637,Cliente 1637,91509842,0249-8033-4272,1382,0
1639,Cliente 1639,49389352,0277-9691-6771,1830,1
1640,Cliente 1640,34146337,0241-8035-4046,1383,1
1641,Cliente 1641,38881529,0284-7089-7094,1276,0
1642,Cliente 1642,11292919,0240-1178-6388,1384,0
1644,Cliente 1644,39187446,0213-5555-2225,2699,0
1646,Cliente 1646,16280294,0235-7901-2953,2586,0
1649,Cliente 1649,14967155,0268-9642-1640,2204,1
1650,Cliente 1650,73068018,0212-7800-5931,1277,0
1651,Cliente 1651,63733308,0210-6131-9090,2398,1
1653,Cliente 1653,92943469,0213-1479-4670,2399,1
1655,Cliente 1655,59510172,0268-1080-1860,2296,1
1658,Cliente 1658,88400641,0252-8320-3004,1609,1
1660,Cliente 1660,22321103,0233-5853-2356,2490,1
1661,Cliente 1661,20471228,0209-9103-1987,2297,1
1664,Cliente 1664,70937796,0283-3523-9265,2105,1
1665,Cliente 1665,58807442,0249-8412-9412,2491,0
1667,Cliente 1667,29768893,0259-2755-2805,1385,1
1669,Cliente 1669,45645373,0215-2377-6806,2400,1
1670,Cliente 1670,63274774,0264-8059-9321,1610,1
1672,Cliente 1672,36029062,0237-4103-7597,1831,0
1674,Cliente 1674,24909280,0228-2887-1870,2492,0
1675,Cliente 1675,18837886,0268-2655-5513,2493,0
1677,Cliente 1677,37323438,0244-5718-5718,1920,1
1680,Cliente 1680,29036590,0201-8775-8011,1721,1
1682,Cliente 1682,88270257,0200-9000-5055,2587,1
1685,Cliente 1685,83244637,0232-8970-5153,2401,0
1686,Cliente 1686,57328711,0238-6467-9484,1063,0
1687,Cliente 1687,46230390,0287-9508-1339,1386,0
1689,Cliente 1689,58240526,0226-2462-4175,1832,1
1690,Cliente 1690,94139980,0286-9927-8360,2002,1
1692,Cliente 1692,15516345,0274-9520-6624,2298,1
1693,Cliente 1693,71072780,0272-6685-5725,1833,1
1695,Cliente 1695,75340518,0236-2058-5828,2106,0
1696,Cliente 1696,39168908,0236-3022-1871,1160,0
1697,Cliente 1697,67756952,0245-1010-1817,1064,1
1699,Cliente 1699,36404306,0255-2322-5764,1611,1
1700,Cliente 1700,57597933,0231-7328-7923,2588,1
1702,Cliente 1702,87600317,0217-4268-5096,1496,0
1703,Cliente 1703,50407893,0239-2402-5871,2299,0
1704,Cliente 1704,60461294,0255-2573-3270,1921,0
1705,Cliente 1705,77620927,0287-6858-8673,1497,0
1706,Cliente 1706,66439314,0252-8557-1453,1722,1
1707,Cliente 1707,21868737,0296-3303-5954,1834,1
1708,Cliente 1708,60078131,0216-9900-5806,2700,0
1709,Cliente 1709,64081976,0285-1097-8582,1612,0
1710,Cliente 1710,21362751,0207-5426-2753,1161,1
1712,Cliente 1712,79291785,0218-9115-3234,2300,1
1713,Cliente 1713,94320873,0239-1105-8945,2107,1
1714,Cliente 1714,19011655,0200-3507-2983,1387,1
1716,Cliente 1716,17469640,0215-5913-7628,2205,1
1717,Cliente 1717,83379415,0233-8194-3018,2494,1
1718,Cliente 1718,34804490,0218-4943-3797,1065,1
1719,Cliente 1719,74487117,0237-5742-2638,2589,0
1720,Cliente 1720,99617131,0235-7409-7321,2402,1
1722,Cliente 1722,85726861,0249-1180-5960,1388,0
1725,Cliente 1725,18424279,0222-3480-6764,2701,0
1726,Cliente 1726,28795756,0235-5963-7454,1723,0
1727,Cliente 1727,73317523,0277-3955-9306,2206,0
1728,Cliente 1728,53496826,0275-6703-7615,1613,1
1730,Cliente 1730,41076043,0298-4876-2727,1498,0
1731,Cliente 1731,18639582,0207-5103-2875,1835,1
1733,Cliente 1733,60684499,0217-4272-4206,1724,0
1734,Cliente 1734,48398260,0228-4296-3655,1725,1
1736,Cliente 1736,58259460,0299-7685-9955,1066,1
1737,Cliente 1737,34871129,0287-9653-9129,1499,1
1738,Cliente 1738,77222987,0245-6840-3258,2590,1
1740,Cliente 1740,79423699,0238-2653-2932,1614,1
1741,Cliente 1741,90730565,0269-6421-1369,1162,0
1743,Cliente 1743,20036415,0268-4955-9482,2108,0
1744,Cliente 1744,93033115,0207-9944-2816,2207,0
1746,Cliente 1746,54901365,0297-1973-3282,2301,0
1747,Cliente 1747,41624005,0263-2194-1579,1163,1
1748,Cliente 1748,90282015,0294-2320-8844,1836,0
1749,Cliente 1749,23966860,0204-9136-9316,1164,0
1750,Cliente 1750,74101392,0238-4731-1351,1837,1
1752,Cliente 1752,61959009,0298-7180-3051,1165,0
1753,Cliente 1753,25513314,0256-2933-7024,1615,1
1754,Cliente 1754,68589370,0207-4902-4801,1500,1
1756,Cliente 1756,17634795,0209-1928-3076,2495,1
1757,Cliente 1757,15867922,0240-6728-5001,2109,1
1759,Cliente 1759,76428279,0290-6848-4609,2302,0
1760,Cliente 1760,84008439,0237-5001-9631,2403,0
1762,Cliente 1762,20528854,0226-3246-9535,2003,0
1763,Cliente 1763,26474964,0247-3325-1587,2303,0
1764,Cliente 1764,25332850,0202-9174-1553,1726,0
1765,Cliente 1765,50320729,0210-1978-5572,2208,0
1768,Cliente 1768,82685498,0297-6698-1425,1166,0
1772,Cliente 1772,41974274,0216-1248-5598,1727,0
1773,Cliente 1773,43545387,0298-9893-5846,1278,0
1774,Cliente 1774,92617353,0235-6926-5403,1167,0
1775,Cliente 1775,26684124,0239-6259-5333,1067,1
1776,Cliente 1776,72105800,0202-8207-1145,1728,1
1777,Cliente 1777,74452414,0281-4569-7694,2404,1
1778,Cliente 1778,91916907,0270-6145-2049,2004,1
1780,Cliente 1780,92939751,0283-1812-4812,1616,1
1781,Cliente 1781,78010697,0256-6199-1687,1922,1
1782,Cliente 1782,44769739,0232-1264-6789,1168,1
1783,Cliente 1783,56939919,0213-2269-9305,2496,1
1784,Cliente 1784,20395193,0230-4343-6337,2702,0
1785,Cliente 1785,19582229,0282-7987-5638,1838,1
1786,Cliente 1786,91465696,0246-6488-7686,1501,0
1787,Cliente 1787,49468472,0279-1510-3626,2591,1
1788,Cliente 1788,30141148,0275-1418-2740,2110,1
1789,Cliente 1789,78557897,0291-9326-6636,1502,0
1790,Cliente 1790,98189010,0292-3458-7243,1169,1
1791,Cliente 1791,40142752,0272-9249-9982,1279,0
1792,Cliente 1792,80834264,0206-8738-9592,1389,0
1793,Cliente 1793,46129093,0224-5801-4998,1503,1
1794,Cliente 1794,40989625,0258-6157-2890,2405,1
1797,Cliente 1797,86415823,0216-9808-5013,2497,0
1798,Cliente 1798,91274963,0233-5700-6596,1617,1
1799,Cliente 1799,64828316,0253-9274-3431,1280,0
1802,Cliente 1802,13212026,0288-3735-2196,1839,0
1805,Cliente 1805,64878236,0280-8368-8138,1729,0
1806,Cliente 1806,34622346,0292-9345-2372,1618,1
1807,Cliente 1807,97161631,0258-7215-6250,2406,1
1808,Cliente 1808,88930879,0235-2587-4805,2703,0
1809,Cliente 1809,16481098,0272-9481-9604,1504,0
1810,Cliente 1810,53325492,0249-6219-3923,2111,1
1811,Cliente 1811,67785785,0266-5558-6150,2304,0
1812,Cliente 1812,32225454,0215-5716-5486,2112,0
1814,Cliente 1814,22881682,0226-9334-3766,1619,1
1816,Cliente 1816,69703357,0266-3067-8435,1840,1
1817,Cliente 1817,69647037,0255-9081-5309,1390,1
1818,Cliente 1818,99753485,0214-6795-2295,2005,1
1819,Cliente 1819,53904728,0220-9307-6494,1281,0
1822,Cliente 1822,39556025,0286-4205-5346,2209,1
1824,Cliente 1824,79297448,0292-4509-1052,1282,1
1825,Cliente 1825,84858214,0278-4416-3918,2592,0
1826,Cliente 1826,92326231,0248-4845-6713,2006,1
1828,Cliente 1828,82935700,0261-5840-2581,2407,1
1829,Cliente 1829,66316956,0257-6331-5053,2113,0
1830,Cliente 1830,33648417,0259-6224-2860,1391,0
1832,Cliente 1832,78113806,0227-7701-1996,2007,0
1833,Cliente 1833,52630014,0252-7412-8240,2008,0
1834,Cliente 1834,17332766,0234-8954-4587,2009,1
1836,Cliente 1836,92316265,0278-6401-3117,1392,1
1837,Cliente 1837,60893769,0211-6460-6778,1068,1
1839,Cliente 1839,40780751,0237-3644-7125,2210,0
1840,Cliente 1840,84215849,0293-5074-1223,2305,1
1841,Cliente 1841,23760099,0264-7519-8944,2704,1
1846,Cliente 1846,67063030,0265-1383-5950,1505,0
1847,Cliente 1847,23378718,0233-8723-7169,2306,0
1850,Cliente 1850,40072939,0273-1407-7510,1730,1
1851,Cliente 1851,59636618,0261-2785-6089,1731,1
1852,Cliente 1852,22802899,0271-3773-4402,1283,0
1853,Cliente 1853,21259361,0218-7605-8758,2498,1
1854,Cliente 1854,76225408,0232-7747-6102,1170,0
1855,Cliente 1855,14900250,0241-7660-1091,1620,1
1856,Cliente 1856,83227680,0263-6128-4862,2593,0
1857,Cliente 1857,79045775,0271-2334-2721,2594,1
1859,Cliente 1859,36490232,0256-2862-1639,1923,0
1861,Cliente 1861,11242658,0237-2926-8134,2211,0
1863,Cliente 1863,37442403,0278-7082-9509,2705,0
1864,Cliente 1864,72126724,0226-6409-3217,2595,0
1865,Cliente 1865,52639365,0253-3936-3463,1069,1
1867,Cliente 1867,54430783,0212-2001-8679,1732,1
1869,Cliente 1869,46853586,0236-7982-6009,2307,0
1873,Cliente 1873,38092671,0221-1043-4798,2596,1
1874,Cliente 1874,29237874,0221-8790-1004,1621,1
1875,Cliente 1875,28384463,0265-8203-7969,1171,0
1876,Cliente 1876,50608690,0264-2921-4944,1506,0
1878,Cliente 1878,20495780,0277-4504-3721,2706,0
1879,Cliente 1879,68685794,0271-8235-9029,1622,0
1881,Cliente 1881,99931125,0244-7948-4502,1733,1
1882,Cliente 1882,60225060,0222-1174-4208,2212,0
1883,Cliente 1883,36157506,0200-6085-6381,2707,0
1885,Cliente 1885,63458116,0205-5145-5492,2597,1
1888,Cliente 1888,21116532,0253-2956-1918,1623,1
1889,Cliente 1889,23082934,0269-5546-4181,1507,1
1891,Cliente 1891,65885406,0285-2007-2064,2213,1
1892,Cliente 1892,21270088,0222-8264-1729,2010,1
1893,Cliente 1893,64928808,0222-1052-6098,2708,0
1894,Cliente 1894,55828977,0259-2410-8585,1393,1
1895,Cliente 1895,34494865,0293-2415-4041,1284,1
1896,Cliente 1896,11401059,0227-7136-8542,1924,1
1897,Cliente 1897,96210380,0224-3174-6087,2114,0
1898,Cliente 1898,33891297,0235-3300-6169,2115,1
1899,Cliente 1899,46614518,0225-3901-5832,2308,0
1900,Cliente 1900,22403336,0262-6818-6957,2011,0
1901,Cliente 1901,14929963,0274-7318-3551,1925,1
1904,Cliente 1904,14220885,0214-9471-4054,2012,1
1905,Cliente 1905,88761749,0241-7099-7191,1734,1
1906,Cliente 1906,24040914,0280-6879-1129,1508,0
1907,Cliente 1907,54924348,0243-2641-4065,2598,0
1908,Cliente 1908,72658369,0269-4050-1356,1926,0
1910,Cliente 1910,74767783,0286-7572-5918,1509,1
1911,Cliente 1911,24476095,0253-7977-5413,2709,0
1912,Cliente 1912,32015192,0265-3726-5924,1070,1
1915,Cliente 1915,36898109,0222-5936-6038,1624,1
1916,Cliente 1916,37289414,0255-2477-5009,2499,0
1918,Cliente 1918,73391831,0285-7165-8593,2309,1
1919,Cliente 1919,62019290,0216-6215-3187,1394,0
1921,Cliente 1921,99909325,0294-1440-4632,2599,1
1923,Cliente 1923,20370954,0282-4769-3262,2214,1
1924,Cliente 1924,38351125,0238-8133-2521,1172,0
1926,Cliente 1926,45033443,0253-3941-3679,1173,1
1927,Cliente 1927,21091816,0244-2661-7626,1735,1
1928,Cliente 1928,52818915,0216-9306-7291,1927,0
1930,Cliente 1930,67040011,0233-2899-8377,2116,0
1931,Cliente 1931,54971462,0268-6977-2829,2600,1
1932,Cliente 1932,81365126,0297-7282-2310,1841,1
1933,Cliente 1933,89208997,0233-4237-9436,1510,0
1934,Cliente 1934,16515411,0259-5615-1652,1842,0
1936,Cliente 1936,13158189,0269-5378-3928,2117,0
1937,Cliente 1937,12351359,0257-6318-5877,1843,1
1938,Cliente 1938,57948542,0293-1599-9704,1395,0
1941,Cliente 1941,86379051,0258-1665-2253,2710,0
1942,Cliente 1942,29696511,0277-2656-7257,1174,1
1943,Cliente 1943,95461939,0295-5947-7922,1511,1
1944,Cliente 1944,44474897,0292-2298-8101,1928,1
1945,Cliente 1945,50695005,0278-9422-9833,2013,1
1947,Cliente 1947,34926040,0235-9217-1749,2014,0
1949,Cliente 1949,98209607,0216-5501-5375,1844,0
1951,Cliente 1951,91781029,0258-7893-6386,2118,0
1952,Cliente 1952,84847472,0201-6618-6580,2601,0
1953,Cliente 1953,30371382,0259-9175-4451,1736,1
1954,Cliente 1954,44318479,0251-1528-2287,2215,0
1956,Cliente 1956,70599194,0286-8657-1484,1512,1
1957,Cliente 1957,85818579,0255-7805-1383,2408,0
1958,Cliente 1958,41503392,0248-9807-3157,2602,1
1959,Cliente 1959,63116625,0227-4462-2812,1396,0
1960,Cliente 1960,31356391,0298-7571-7693,1929,1
1961,Cliente 1961,90429777,0235-6233-6950,1845,1
1962,Cliente 1962,77418191,0268-9724-7425,1513,0
1963,Cliente 1963,72265475,0236-8363-3571,2603,1
1964,Cliente 1964,48709441,0200-9727-6473,2216,0
1965,Cliente 1965,23196701,0249-7850-7852,1930,1
1967,Cliente 1967,53623487,0278-5095-3727,1071,0
1968,Cliente 1968,59700276,0202-7378-9377,1285,1
1970,Cliente 1970,27803989,0237-2061-1506,1514,0
1972,Cliente 1972,77137712,0282-2821-6427,1737,1
1973,Cliente 1973,72037075,0292-2144-1112,2500,1
1974,Cliente 1974,79762014,0260-7313-2152,1846,0
1975,Cliente 1975,82120748,0215-9751-1388,2015,0
1977,Cliente 1977,26650628,0213-3391-5300,1847,1
1979,Cliente 1979,45501623,0212-6407-2213,2310,0
1981,Cliente 1981,86266699,0235-1585-3294,2016,0
1982,Cliente 1982,39665008,0247-6942-5771,1072,1
1983,Cliente 1983,73791651,0291-8206-5831,2119,1
1985,Cliente 1985,38408798,0274-5963-3430,1073,1
1986,Cliente 1986,58876968,0292-9332-9467,2017,0
1987,Cliente 1987,56199559,0282-3553-9209,1931,0
1988,Cliente 1988,75128586,0282-3770-9605,2217,1
1990,Cliente 1990,40106377,0219-5559-2959,2311,1
1991,Cliente 1991,76946493,0258-1199-9587,2409,1
1992,Cliente 1992,99153332,0204-7528-2619,2410,1
1993,Cliente 1993,84260585,0268-9810-2301,2018,1
1995,Cliente 1995,40647266,0288-8472-3907,2501,0
1996,Cliente 1996,22262023,0295-4113-2043,2019,0
1997,Cliente 1997,37881323,0229-4996-8819,1175,1
2001,Cliente 2001,96251983,0224-8475-1008,1738,0
2003,Cliente 2003,48085045,0282-5909-5328,2711,1
2004,Cliente 2004,46948576,0286-9242-6059,1515,0
2005,Cliente 2005,34451823,0262-1106-6229,1397,0
2006,Cliente 2006,31895055,0222-2074-8078,2604,0
2007,Cliente 2007,69485073,0243-9824-3992,1398,1
2011,Cliente 2011,46155999,0229-5306-8732,1848,0
2012,Cliente 2012,29459762,0239-6467-6798,2411,0
2013,Cliente 2013,51341326,0254-7447-7834,1739,0
2015,Cliente 2015,37140582,0226-5193-5829,1074,0
2018,Cliente 2018,31530932,0241-8859-8698,2502,0
2020,Cliente 2020,47050296,0268-7053-8178,1516,1
2022,Cliente 2022,30188973,0275-5896-4276,1625,1
2023,Cliente 2023,42913766,0241-9955-5271,1740,0
2025,Cliente 2025,38831688,0223-6263-8673,1741,0
2026,Cliente 2026,54696127,0225-5243-5183,2412,1
2027,Cliente 2027,25997469,0282-7730-8001,1626,0
2028,Cliente 2028,80920296,0207-9392-7119,1176,0
2030,Cliente 2030,20140494,0272-2509-2840,1286,1
2032,Cliente 2032,47160179,0259-8393-3493,1849,0
2034,Cliente 2034,63883863,0273-5813-1104,1075,0
2035,Cliente 2035,11145938,0228-6281-7998,1076,0
2036,Cliente 2036,88433683,0286-6351-9722,2503,1
2037,Cliente 2037,87424312,0219-4094-3429,2413,0
2039,Cliente 2039,19296843,0241-6166-4770,2414,1
2041,Cliente 2041,13663666,0217-8203-3017,2415,0
2042,Cliente 2042,69586290,0295-4417-7232,1077,0
2043,Cliente 2043,63576791,0225-4369-7234,1742,1
2044,Cliente 2044,33501092,0264-9462-2993,1287,1
2045,Cliente 2045,75647021,0294-6871-6191,1399,1
2046,Cliente 2046,22185758,0264-6895-8831,2312,1
2047,Cliente 2047,12167007,0200-7226-7881,1743,1
2048,Cliente 2048,58371054,0239-2069-8113,2416,0
2049,Cliente 2049,21334884,0283-7384-8722,2504,0
2050,Cliente 2050,16089390,0218-5079-3905,1517,1
2052,Cliente 2052,90021211,0226-5801-7089,1177,0
2053,Cliente 2053,66269326,0222-3861-9496,1932,1
2054,Cliente 2054,24682288,0220-1491-9151,2417,0
2055,Cliente 2055,93928021,0247-5344-6260,2218,1
2056,Cliente 2056,13824787,0260-1560-3364,1518,1
2060,Cliente 2060,73920316,0260-5208-3100,2120,0
2061,Cliente 2061,74127867,0263-4215-3061,1400,1
2062,Cliente 2062,40273055,0284-2346-2553,1627,0
2065,Cliente 2065,54015900,0254-7140-3379,1628,1
2066,Cliente 2066,94809528,0206-4242-3984,2219,1
2067,Cliente 2067,41920912,0220-7500-6284,1178,0
2068,Cliente 2068,56157714,0224-7646-8407,2605,0
2069,Cliente 2069,83266696,0256-2930-5576,2020,0
2077,Cliente 2077,82404720,0229-9697-3732,2418,1
2078,Cliente 2078,32231222,0281-4707-3491,1401,0
2079,Cliente 2079,47369085,0206-7567-5857,2313,0
2080,Cliente 2080,72814453,0241-3230-5915,2606,1
2082,Cliente 2082,65079671,0217-3355-8879,1179,1
2084,Cliente 2084,57030876,0209-4707-5525,2505,0
2085,Cliente 2085,88642156,0286-3487-4372,1402,1
2088,Cliente 2088,30626125,0209-6593-5458,1744,0
2090,Cliente 2090,49071710,0228-9566-2688,2607,0
2092,Cliente 2092,47026058,0232-9320-6387,2021,0
2094,Cliente 2094,89334010,0255-5354-2703,2506,0
2095,Cliente 2095,91420209,0266-7268-1689,2220,1
2097,Cliente 2097,15350579,0244-8212-8548,2221,1
2098,Cliente 2098,94304617,0295-8074-1420,2222,1
2099,Cliente 2099,94627132,0242-2618-5788,1078,1
2102,Cliente 2102,84957616,0298-9966-6273,2314,0
2103,Cliente 2103,33093235,0263-2456-6468,2419,1
2105,Cliente 2105,61364639,0225-5336-8953,1933,0
2106,Cliente 2106,58514771,0296-3608-3761,1745,1
2110,Cliente 2110,61706059,0213-5815-2346,1629,1
2111,Cliente 2111,15472438,0231-9978-3539,1746,0
2112,Cliente 2112,76369717,0228-4587-5019,1079,1
2113,Cliente 2113,96959001,0227-3381-1203,1747,1
2114,Cliente 2114,92170846,0261-8191-7791,1080,1
2116,Cliente 2116,45374067,0255-7065-6972,2420,0
2117,Cliente 2117,20340193,0288-3203-6270,2421,1
2119,Cliente 2119,56753777,0291-4669-8623,2507,1
2120,Cliente 2120,93054727,0256-9145-8146,1748,1
2122,Cliente 2122,57568410,0208-5523-5128,1288,1
2123,Cliente 2123,67825027,0290-3184-7492,2608,0
2125,Cliente 2125,82425578,0287-6152-1111,1630,1
2126,Cliente 2126,88845892,0215-2163-2042,2422,0
2127,Cliente 2127,36121315,0231-3938-3969,1934,0
2128,Cliente 2128,54532115,0211-2542-7611,1403,0
2129,Cliente 2129,61175972,0289-8772-3269,1850,0
2130,Cliente 2130,22866554,0239-6818-3906,1935,0
2133,Cliente 2133,44597012,0202-1997-1969,2712,0
2134,Cliente 2134,32617447,0200-9669-1206,1404,0
2135,Cliente 2135,51106043,0203-7141-2136,2223,1
2138,Cliente 2138,14072389,0279-1635-9807,1749,1
2139,Cliente 2139,49115199,0213-6718-3955,2121,1
2141,Cliente 2141,25620477,0285-2072-6543,1750,0
2142,Cliente 2142,42138616,0262-4085-7623,1631,0
2143,Cliente 2143,74481336,0284-2618-9517,1180,0
2144,Cliente 2144,85564137,0273-9715-9547,2713,1
2145,Cliente 2145,52992142,0217-8338-4244,2122,0
2147,Cliente 2147,53152945,0271-8931-7370,1405,0
2149,Cliente 2149,96024494,0240-1785-9753,1936,1
2150,Cliente 2150,61660590,0224-6763-9810,2123,0
2152,Cliente 2152,23240677,0258-4042-4630,2315,0
2153,Cliente 2153,37327834,0263-4387-1255,1289,0
2154,Cliente 2154,25613685,0237-1077-4938,2316,0
2155,Cliente 2155,62333608,0229-7091-7585,1937,1
2156,Cliente 2156,90363084,0231-5230-7927,1632,0
2157,Cliente 2157,97689321,0294-5466-7704,2317,1
2158,Cliente 2158,65517801,0248-5556-4104,1851,0
2159,Cliente 2159,90548035,0201-7479-1684,2022,0
2161,Cliente 2161,31330395,0262-2089-4004,1406,0
2163,Cliente 2163,86518645,0233-2777-2956,2124,1
2164,Cliente 2164,84457282,0263-4289-3082,1290,1
2165,Cliente 2165,74266104,0213-2825-4746,2609,0
2166,Cliente 2166,21221679,0297-2104-4960,1938,0
2167,Cliente 2167,29160749,0256-1672-9251,1751,1
2168,Cliente 2168,52670676,0205-1232-3502,2318,0
2169,Cliente 2169,56991937,0259-4287-1924,1939,0
2170,Cliente 2170,49165484,0264-2042-4690,1633,1
2172,Cliente 2172,42987512,0277-9659-5715,1291,1
2173,Cliente 2173,83433653,0240-1929-2824,1634,1
2174,Cliente 2174,79531133,0268-1286-3783,1852,0
2176,Cliente 2176,85525880,0207-7349-2960,1081,1
2177,Cliente 2177,85650313,0269-2211-1324,1181,0
2178,Cliente 2178,47912273,0287-7336-8367,2224,1
2179,Cliente 2179,92222921,0232-6654-8454,2610,1
2180,Cliente 2180,82001727,0246-4667-3365,1752,1
2182,Cliente 2182,15711620,0258-7723-9871,1635,1
2184,Cliente 2184,71818207,0293-8410-8272,1853,0
2185,Cliente 2185,55338927,0241-7535-3180,2423,1
2191,Cliente 2191,37709690,0249-3823-5478,1082,1
2192,Cliente 2192,87184473,0225-3468-7738,2225,0
2193,Cliente 2193,27522806,0297-8973-6180,2508,1
2194,Cliente 2194,18772342,0210-1351-1142,1407,1
2195,Cliente 2195,22072478,0240-6844-4326,1519,1
2198,Cliente 2198,30403362,0220-7802-2940,1940,0
2199,Cliente 2199,85385275,0270-8693-5607,1941,1
2200,Cliente 2200,99103000,0218-8289-2590,1408,1
2201,Cliente 2201,61130128,0260-7215-8813,1636,1
2202,Cliente 2202,69181497,0274-3979-8329,2424,0
2203,Cliente 2203,55604049,0210-7061-2128,2425,1
2204,Cliente 2204,62830211,0219-2818-4229,2125,0
2205,Cliente 2205,21149828,0245-9105-1261,2126,0
2206,Cliente 2206,59018458,0232-4146-9411,1942,1
2207,Cliente 2207,52757412,0221-1852-4912,2611,0
2208,Cliente 2208,70254507,0255-6529-1662,2023,0
2210,Cliente 2210,50629111,0248-4270-8702,1083,0
2211,Cliente 2211,46276862,0289-7146-6499,1182,0
2212,Cliente 2212,55919735,0216-6672-5285,1854,1
2214,Cliente 2214,78288809,0214-1376-3105,1520,1
2216,Cliente 2216,20121566,0201-1220-6589,1292,1
2220,Cliente 2220,16710702,0291-2301-7338,2319,1
2221,Cliente 2221,36481124,0290-9115-4048,2612,0
2223,Cliente 2223,45334373,0218-9880-4102,2320,1
2224,Cliente 2224,35259577,0223-6265-4730,1293,0
2225,Cliente 2225,90739206,0252-9301-5676,2127,0
2226,Cliente 2226,56272775,0294-4944-9692,2024,0
2227,Cliente 2227,31644510,0208-2009-2028,2128,0
2229,Cliente 2229,21842256,0240-6922-2079,1084,0
2231,Cliente 2231,52073858,0269-4117-4737,2613,1
2232,Cliente 2232,57364760,0252-8617-8563,1183,0
2233,Cliente 2233,72329716,0257-3501-3327,1753,0
2234,Cliente 2234,13285625,0217-6189-7249,1855,1
2235,Cliente 2235,59084772,0201-8116-3830,2226,1
2236,Cliente 2236,22730042,0202-7410-8737,2321,0
2237,Cliente 2237,36542426,0202-9148-7426,1521,0
2238,Cliente 2238,40566650,0224-8971-9177,2025,0
2240,Cliente 2240,73981624,0277-5740-3317,1522,0
2241,Cliente 2241,65880935,0262-1212-6046,2322,1
2243,Cliente 2243,47835591,0243-7117-3099,2714,0
2244,Cliente 2244,12376967,0257-7062-7832,1294,1
2245,Cliente 2245,41331564,0240-8801-5596,1523,0
2246,Cliente 2246,36088942,0216-6272-4750,1524,1
2247,Cliente 2247,75577160,0272-8696-1317,2509,1
2248,Cliente 2248,29911932,0279-6269-2332,2227,0
2249,Cliente 2249,90879572,0293-5358-2096,1754,0
2250,Cliente 2250,47072327,0291-3344-6960,2323,1
2251,Cliente 2251,43096161,0228-1050-6361,2614,0
2252,Cliente 2252,46608900,0240-8941-6147,1637,1
2253,Cliente 2253,90206794,0277-2972-5843,2324,1
2254,Cliente 2254,80263274,0264-5627-5066,2325,0
2256,Cliente 2256,13868320,0283-7904-2289,1085,0
2257,Cliente 2257,69953058,0280-7259-3571,1638,0
2258,Cliente 2258,24461271,0235-8470-5521,1525,0
2259,Cliente 2259,31864214,0275-3105-6288,2129,1
2260,Cliente 2260,53827193,0270-8816-7042,1184,0
2262,Cliente 2262,92286480,0297-1565-5635,1526,1
2263,Cliente 2263,17497292,0292-3160-9137,2715,1
2265,Cliente 2265,58360919,0245-6540-2329,1295,0
2266,Cliente 2266,76096285,0251-9931-2018,1296,0
2268,Cliente 2268,44997902,0229-4920-1925,1409,1
2269,Cliente 2269,96288920,0289-4694-8842,1185,1
2270,Cliente 2270,41227854,0219-3255-9201,2510,0
2272,Cliente 2272,13155879,0285-7798-2113,2615,1
2273,Cliente 2273,38029575,0229-9052-1117,1186,1
2274,Cliente 2274,78336772,0221-7507-4486,2426,1
2275,Cliente 2275,45654499,0271-7132-9370,2130,1
2276,Cliente 2276,91553176,0232-6480-4207,2326,0
2277,Cliente 2277,25994412,0283-5675-8399,2228,0
2280,Cliente 2280,72247467,0206-4765-5134,2427,1
2281,Cliente 2281,11658976,0227-3964-6471,2131,0
2282,Cliente 2282,53937353,0258-7402-3707,2229,0
2283,Cliente 2283,99526487,0231-2272-2757,2132,1
2284,Cliente 2284,11504836,0235-1000-5971,1187,0
2285,Cliente 2285,23050348,0206-7030-4527,1943,1
2286,Cliente 2286,60039183,0209-5587-7840,1856,1
2287,Cliente 2287,14696647,0215-5948-3323,2133,0
2288,Cliente 2288,26149750,0281-1497-8807,2327,1
2290,Cliente 2290,13027810,0289-8859-2036,2026,1
2291,Cliente 2291,18745327,0250-7183-1489,2328,0
2292,Cliente 2292,72505408,0252-3867-1217,1857,1
2294,Cliente 2294,46502180,0224-4847-8339,1086,1
2295,Cliente 2295,85593030,0255-9004-4793,1188,1
2296,Cliente 2296,58859923,0211-7017-8475,2134,0
2297,Cliente 2297,60099110,0284-7082-9859,1944,0
2300,Cliente 2300,21602526,0277-5148-3255,1858,0
2302,Cliente 2302,93894510,0218-6597-9850,2716,1
2303,Cliente 2303,37623724,0288-7493-2339,1639,0
2304,Cliente 2304,77294573,0269-1687-9512,1410,1
2305,Cliente 2305,83879955,0285-3698-4715,2027,0
2309,Cliente 2309,29375073,0209-6022-4962,2616,0
2313,Cliente 2313,90203261,0238-6622-7352,1087,1
2315,Cliente 2315,77108172,0240-6758-1508,1189,0
2316,Cliente 2316,82345677,0298-2605-7925,2230,0
2318,Cliente 2318,43843856,0269-2508-2359,2617,1
2320,Cliente 2320,53335214,0239-8392-4548,1190,0
2321,Cliente 2321,11381630,0287-3103-1462,1411,0
2323,Cliente 2323,43984506,0274-2927-9466,1191,1
2325,Cliente 2325,24720271,0287-3536-2258,1859,0
2326,Cliente 2326,43425940,0200-7345-3893,2618,0
2327,Cliente 2327,50570882,0223-4660-6571,1192,0
2328,Cliente 2328,69682115,0289-2902-2663,2511,1
2329,Cliente 2329,91229370,0272-1387-8177,1640,0
2330,Cliente 2330,12756510,0290-9604-7034,1860,1
2331,Cliente 2331,73573301,0204-5569-8148,1861,0
2332,Cliente 2332,18747686,0211-5305-6859,1297,0
2333,Cliente 2333,42646040,0217-2982-1395,2717,1
2334,Cliente 2334,99206598,0225-8308-9944,1945,0
2336,Cliente 2336,37172012,0218-5920-3182,2512,0
2340,Cliente 2340,33141548,0249-9870-2161,1412,1
2342,Cliente 2342,43160881,0280-7774-6926,1946,0
2344,Cliente 2344,13713165,0224-7122-7402,2231,1
2346,Cliente 2346,90393580,0266-5712-9145,2513,1
2347,Cliente 2347,90506717,0203-7837-2086,1862,1
2348,Cliente 2348,96087267,0205-7054-5544,1641,0
2349,Cliente 2349,97263918,0243-5972-9770,1755,0
2351,Cliente 2351,55241475,0211-9022-6610,2619,1
2352,Cliente 2352,94439241,0234-5444-5734,2028,1
2353,Cliente 2353,53508602,0230-4133-6710,1527,1
2355,Cliente 2355,92282678,0217-5833-4112,2329,0
2358,Cliente 2358,42968412,0250-8935-5435,2428,0
2361,Cliente 2361,78601151,0272-7889-4263,2029,1
2362,Cliente 2362,94303862,0262-2770-8804,1863,0
2363,Cliente 2363,26031606,0217-3967-3013,1528,1
2364,Cliente 2364,19432819,0235-2760-9986,1193,0
2365,Cliente 2365,22870221,0295-7934-4356,1642,1
2366,Cliente 2366,24956155,0243-5541-5656,1088,1
2367,Cliente 2367,39586634,0279-5370-6792,2514,1
2368,Cliente 2368,13080842,0270-6189-4602,1643,0
2369,Cliente 2369,82707256,0278-1285-3627,2330,0
2370,Cliente 2370,26718600,0212-5033-7658,2620,1
2371,Cliente 2371,91820094,0221-3843-4610,1756,1
2372,Cliente 2372,42047266,0285-6054-8130,1089,0
2373,Cliente 2373,38640427,0229-2644-2343,1757,0
2374,Cliente 2374,30184404,0294-7299-7228,1758,0
2375,Cliente 2375,75970674,0255-9584-6608,2331,1
2376,Cliente 2376,78123460,0278-7355-8244,2621,1
2377,Cliente 2377,29396573,0290-2267-7187,2429,0
2379,Cliente 2379,40990266,0248-8695-1397,2135,1
2381,Cliente 2381,61133053,0202-9043-8148,2430,0
2384,Cliente 2384,61196558,0246-1786-4745,1194,1
2385,Cliente 2385,92604294,0289-1820-5102,1298,0
2388,Cliente 2388,93341780,0206-3882-5722,1299,0
2389,Cliente 2389,32538675,0230-1281-4201,1864,1
2390,Cliente 2390,23624482,0234-3928-9748,1300,0
2391,Cliente 2391,34014770,0219-9743-4060,2431,1
2392,Cliente 2392,33057873,0298-5461-9409,1529,1
2393,Cliente 2393,77714151,0207-7452-3211,2718,1
2394,Cliente 2394,30925806,0216-4963-7016,2622,0
2395,Cliente 2395,42989230,0258-3869-2800,1759,1
2396,Cliente 2396,95917615,0277-1692-2098,1947,1
2398,Cliente 2398,80471123,0259-9514-6798,2232,0
2399,Cliente 2399,80259009,0252-3734-9243,2030,0
2400,Cliente 2400,14887763,0226-2202-7021,1644,0
2403,Cliente 2403,70389982,0275-3291-5947,1645,1
2404,Cliente 2404,12198223,0229-8193-5143,1646,0
2405,Cliente 2405,72438718,0247-4353-8590,1760,0
2407,Cliente 2407,72423244,0249-8100-2279,2432,0
2408,Cliente 2408,78794840,0270-8816-1663,2433,0
2409,Cliente 2409,57309391,0242-4169-6084,1301,1
2410,Cliente 2410,23596622,0218-5417-1981,1090,1
2411,Cliente 2411,59830537,0203-8345-7609,2719,0
2412,Cliente 2412,93452915,0241-5668-7028,2434,1
2413,Cliente 2413,75433400,0255-9420-1592,1761,1
2415,Cliente 2415,22507696,0278-7289-5518,2332,1
2416,Cliente 2416,15907381,0238-1198-3178,1195,0
2417,Cliente 2417,66047853,0219-7994-9962,2333,0
2419,Cliente 2419,39406359,0259-3713-9085,1302,1
2420,Cliente 2420,56001399,0278-7096-8682,1762,0
2421,Cliente 2421,80693706,0219-9520-5570,1530,1
2426,Cliente 2426,93625448,0261-2086-6143,1948,0
2427,Cliente 2427,68004568,0219-7786-8752,2233,0
2428,Cliente 2428,25868079,0239-4861-8971,2435,0
2431,Cliente 2431,21018586,0210-1139-3458,1413,0
2433,Cliente 2433,14386856,0217-5774-7009,1949,0
2436,Cliente 2436,75815017,0213-5379-5774,2234,1
2437,Cliente 2437,28604725,0208-8574-5259,2136,1
2439,Cliente 2439,73439392,0257-6877-9337,1950,0
2441,Cliente 2441,29960983,0290-3543-1602,1763,1
2443,Cliente 2443,54658024,0288-6242-4919,2137,0
2444,Cliente 2444,65013238,0215-5956-4436,1865,1
2446,Cliente 2446,43847289,0249-4056-9152,1196,0
2447,Cliente 2447,70345934,0217-6356-7919,1531,0
2448,Cliente 2448,10998405,0221-5105-7812,1951,0
2449,Cliente 2449,29886742,0205-3299-4932,1532,0
2453,Cliente 2453,62437549,0267-4222-8126,2720,1
2454,Cliente 2454,89319341,0270-5754-9827,1764,0
2457,Cliente 2457,45527500,0238-1634-4759,1765,0
2458,Cliente 2458,45616810,0200-9695-4755,2235,1
2459,Cliente 2459,42075348,0250-1036-8045,1766,1
2460,Cliente 2460,81841063,0269-7828-1267,2031,0
2461,Cliente 2461,76657301,0274-4496-9750,1197,0
2463,Cliente 2463,67646579,0210-6386-5023,1091,1
2464,Cliente 2464,27431859,0295-5230-3769,1414,0
2465,Cliente 2465,65777619,0220-7986-4343,2032,1
2466,Cliente 2466,23100228,0297-5731-6070,2436,1
2467,Cliente 2467,30880066,0215-1054-4924,1303,0
2468,Cliente 2468,25216365,0297-8393-6530,1952,0
2470,Cliente 2470,33675811,0249-4101-9934,2437,1
2473,Cliente 2473,23900847,0265-7593-4479,1866,1
2476,Cliente 2476,35243741,0200-6823-1280,1767,0
2477,Cliente 2477,65771986,0295-1121-6163,1533,0
2478,Cliente 2478,27995861,0212-9528-2908,1304,1
2479,Cliente 2479,76349917,0270-6582-2962,2623,1
2480,Cliente 2480,43022604,0239-9799-7973,1534,1
2482,Cliente 2482,47670632,0243-7750-2218,1647,0
2484,Cliente 2484,53990376,0223-2524-3251,2138,1
2486,Cliente 2486,87364623,0227-2291-4793,1953,0
2487,Cliente 2487,83847719,0296-9868-2305,2139,0
2488,Cliente 2488,23480253,0251-1667-6110,2140,0
2489,Cliente 2489,98301509,0242-5408-1852,1305,1
2490,Cliente 2490,88960861,0200-2750-8814,1415,0
2492,Cliente 2492,54837154,0221-4033-2701,1306,1
2493,Cliente 2493,39315551,0293-3075-3774,2624,1
2494,Cliente 2494,10709540,0287-9568-5477,1867,1
2495,Cliente 2495,83492765,0230-1972-8040,2625,0
2496,Cliente 2496,80837586,0237-6640-3231,2334,0
2497,Cliente 2497,46152919,0231-3042-7884,2141,0
2498,Cliente 2498,25382790,0251-4132-5144,1092,1
2500,Cliente 2500,43553891,0295-1762-2182,2515,0